state,place,url,thumb,page,artist,license,licenseUrl,caption,review
Busan,Haeundae Beach,https://upload.wikimedia.org/wikipedia/commons/a/a2/Haeundae_Beach_in_Busan.jpg,https://thumb.wikimedia.org/wikipedia/commons/thumb/a/a2/Haeundae_Beach_in_Busan.jpg/330px-Haeundae_Beach_in_Busan.jpg,https://commons.wikimedia.org/wiki/File:Haeundae_Beach_in_Busan.jpg,StephNurnberg,CC BY 2.0,https://creativecommons.org/licenses/by/2.0,Haeundae Beach in Busan.jpg,"Source metadata and preview visually reviewed, 2026-09-13"
Busan,Haeundae Beach,https://upload.wikimedia.org/wikipedia/commons/2/27/Haeundae_Beach_NightView.jpg,https://thumb.wikimedia.org/wikipedia/commons/thumb/2/27/Haeundae_Beach_NightView.jpg/330px-Haeundae_Beach_NightView.jpg,https://commons.wikimedia.org/wiki/File:Haeundae_Beach_NightView.jpg,Haeundae District Municipality,CC BY 4.0,https://creativecommons.org/licenses/by/4.0,Haeundae Beach NightView.jpg,"Source metadata and preview visually reviewed, 2026-09-13"
Busan,Gamcheon Culture Village,https://upload.wikimedia.org/wikipedia/commons/b/b8/Colorful_houses_in_Gamcheon_Culture_Village_at_sunset_in_Busan_South_Korea.jpg,https://thumb.wikimedia.org/wikipedia/commons/thumb/b/b8/Colorful_houses_in_Gamcheon_Culture_Village_at_sunset_in_Busan_South_Korea.jpg/330px-Colorful_houses_in_Gamcheon_Culture_Village_at_sunset_in_Busan_South_Korea.jpg,https://commons.wikimedia.org/wiki/File:Colorful_houses_in_Gamcheon_Culture_Village_at_sunset_in_Busan_South_Korea.jpg,Basile Morin,CC BY-SA 4.0,https://creativecommons.org/licenses/by-sa/4.0,Colorful houses in Gamcheon Culture Village at sunset in Busan South Korea.jpg,"Source metadata and preview visually reviewed, 2026-09-13"
Busan,Gamcheon Culture Village,https://upload.wikimedia.org/wikipedia/commons/c/c8/Gamcheon_Culture_Village_1.jpg,https://thumb.wikimedia.org/wikipedia/commons/thumb/c/c8/Gamcheon_Culture_Village_1.jpg/330px-Gamcheon_Culture_Village_1.jpg,https://commons.wikimedia.org/wiki/File:Gamcheon_Culture_Village_1.jpg,Christophe95,CC BY-SA 4.0,https://creativecommons.org/licenses/by-sa/4.0,Gamcheon Culture Village 1.jpg,"Source metadata and preview visually reviewed, 2026-09-13"
Busan,Jagalchi Market,https://upload.wikimedia.org/wikipedia/commons/0/04/Jagalchi_Fish_Market_at_Morning.jpg,https://thumb.wikimedia.org/wikipedia/commons/thumb/0/04/Jagalchi_Fish_Market_at_Morning.jpg/330px-Jagalchi_Fish_Market_at_Morning.jpg,https://commons.wikimedia.org/wiki/File:Jagalchi_Fish_Market_at_Morning.jpg,Doo Ho Kim,CC BY-SA 2.0,https://creativecommons.org/licenses/by-sa/2.0,Jagalchi Fish Market at Morning.jpg,"Source metadata and preview visually reviewed, 2026-09-13"
Busan,Jagalchi Market,https://upload.wikimedia.org/wikipedia/commons/0/0e/Jagalchi_Market_01.jpg,https://thumb.wikimedia.org/wikipedia/commons/thumb/0/0e/Jagalchi_Market_01.jpg/330px-Jagalchi_Market_01.jpg,https://commons.wikimedia.org/wiki/File:Jagalchi_Market_01.jpg,Bernard Gagnon,CC0,http://creativecommons.org/publicdomain/zero/1.0/deed.en,Jagalchi Market 01.jpg,"Source metadata and preview visually reviewed, 2026-09-13"
Busan,Taejongdae,https://upload.wikimedia.org/wikipedia/commons/c/cd/Korea-Busan-Taejongdae-04.jpg,https://thumb.wikimedia.org/wikipedia/commons/thumb/c/cd/Korea-Busan-Taejongdae-04.jpg/330px-Korea-Busan-Taejongdae-04.jpg,https://commons.wikimedia.org/wiki/File:Korea-Busan-Taejongdae-04.jpg,*intacto,CC BY 2.0,https://creativecommons.org/licenses/by/2.0,Korea-Busan-Taejongdae-04.jpg,"Source metadata and preview visually reviewed, 2026-09-13"
Busan,Taejongdae,https://upload.wikimedia.org/wikipedia/commons/5/51/Busan_Taejongdae_150.jpg,https://thumb.wikimedia.org/wikipedia/commons/thumb/5/51/Busan_Taejongdae_150.jpg/330px-Busan_Taejongdae_150.jpg,https://commons.wikimedia.org/wiki/File:Busan_Taejongdae_150.jpg,Michiel1972,CC BY-SA 3.0,https://creativecommons.org/licenses/by-sa/3.0,Busan Taejongdae 150.jpg,"Source metadata and preview visually reviewed, 2026-09-13"
Busan,BIFF Square,https://upload.wikimedia.org/wikipedia/commons/6/69/BIFF_Street_on_Cloudy_Day.png,https://thumb.wikimedia.org/wikipedia/commons/thumb/6/69/BIFF_Street_on_Cloudy_Day.png/330px-BIFF_Street_on_Cloudy_Day.png,https://commons.wikimedia.org/wiki/File:BIFF_Street_on_Cloudy_Day.png,Ryan Bodenstein,CC BY 2.0,https://creativecommons.org/licenses/by/2.0,BIFF Street on Cloudy Day.png,"Source metadata and preview visually reviewed, 2026-09-13"
Busan,BIFF Square,https://upload.wikimedia.org/wikipedia/commons/3/39/BIFF_Street_at_Evening.png,https://thumb.wikimedia.org/wikipedia/commons/thumb/3/39/BIFF_Street_at_Evening.png/330px-BIFF_Street_at_Evening.png,https://commons.wikimedia.org/wiki/File:BIFF_Street_at_Evening.png,Ryan Bodenstein,CC BY 2.0,https://creativecommons.org/licenses/by/2.0,BIFF Street at Evening.png,"Source metadata and preview visually reviewed, 2026-09-13"
Daegu,Seomun Market,https://upload.wikimedia.org/wikipedia/commons/4/45/Seomun_Market_Gate.JPG,https://thumb.wikimedia.org/wikipedia/commons/thumb/4/45/Seomun_Market_Gate.JPG/330px-Seomun_Market_Gate.JPG,https://commons.wikimedia.org/wiki/File:Seomun_Market_Gate.JPG,hyolee2,CC BY-SA 4.0,https://creativecommons.org/licenses/by-sa/4.0,Seomun Market Gate.JPG,"Source metadata and preview visually reviewed, 2026-09-13"
Daegu,Seomun Market,https://upload.wikimedia.org/wikipedia/commons/8/8d/Seomun_gate_and_traffic.jpg,https://thumb.wikimedia.org/wikipedia/commons/thumb/8/8d/Seomun_gate_and_traffic.jpg/330px-Seomun_gate_and_traffic.jpg,https://commons.wikimedia.org/wiki/File:Seomun_gate_and_traffic.jpg,,CC SA 1.0,http://creativecommons.org/licenses/sa/1.0/,Seomun gate and traffic.jpg,"Source metadata and preview visually reviewed, 2026-09-13"
Daegu,Apsan Park,https://upload.wikimedia.org/wikipedia/commons/1/1a/Apsan.jpg,https://thumb.wikimedia.org/wikipedia/commons/thumb/1/1a/Apsan.jpg/330px-Apsan.jpg,https://commons.wikimedia.org/wiki/File:Apsan.jpg,"Pfc. Shim, Ji-sung, USAG Daegu Public Affairs",Public domain,,Apsan.jpg,"Source metadata and preview visually reviewed, 2026-09-13"
Daegu,Apsan Park,https://upload.wikimedia.org/wikipedia/commons/f/f1/%EC%95%9E%EC%82%B0%EA%B3%B5%EC%9B%90.jpg,https://thumb.wikimedia.org/wikipedia/commons/thumb/f/f1/%EC%95%9E%EC%82%B0%EA%B3%B5%EC%9B%90.jpg/330px-%EC%95%9E%EC%82%B0%EA%B3%B5%EC%9B%90.jpg,https://commons.wikimedia.org/wiki/File:%EC%95%9E%EC%82%B0%EA%B3%B5%EC%9B%90.jpg,Daegu City Official,CC BY-SA 4.0,https://creativecommons.org/licenses/by-sa/4.0,앞산공원.jpg,"Source metadata and preview visually reviewed, 2026-09-13"
Daegu,Donghwasa Temple,https://upload.wikimedia.org/wikipedia/commons/0/03/%EB%8F%99%ED%99%94%EC%82%AC_%EC%A0%84%EA%B2%BD%28%EB%B4%89%EC%84%9C%EB%A3%A8_%EB%A7%88%EB%8B%B9%29.jpg,https://thumb.wikimedia.org/wikipedia/commons/thumb/0/03/%EB%8F%99%ED%99%94%EC%82%AC_%EC%A0%84%EA%B2%BD%28%EB%B4%89%EC%84%9C%EB%A3%A8_%EB%A7%88%EB%8B%B9%29.jpg/330px-%EB%8F%99%ED%99%94%EC%82%AC_%EC%A0%84%EA%B2%BD%28%EB%B4%89%EC%84%9C%EB%A3%A8_%EB%A7%88%EB%8B%B9%29.jpg,https://commons.wikimedia.org/wiki/File:%EB%8F%99%ED%99%94%EC%82%AC_%EC%A0%84%EA%B2%BD(%EB%B4%89%EC%84%9C%EB%A3%A8_%EB%A7%88%EB%8B%B9).jpg,HwangHuang,CC BY-SA 4.0,https://creativecommons.org/licenses/by-sa/4.0,동화사 전경(봉서루 마당).jpg,"Source metadata and preview visually reviewed, 2026-09-13"
Daegu,Donghwasa Temple,https://upload.wikimedia.org/wikipedia/commons/b/b9/Korea-Daegu-Donghwasa-04.jpg,https://thumb.wikimedia.org/wikipedia/commons/thumb/b/b9/Korea-Daegu-Donghwasa-04.jpg/330px-Korea-Daegu-Donghwasa-04.jpg,https://commons.wikimedia.org/wiki/File:Korea-Daegu-Donghwasa-04.jpg,by martinroell,CC BY-SA 2.0,https://creativecommons.org/licenses/by-sa/2.0,Korea-Daegu-Donghwasa-04.jpg,"Source metadata and preview visually reviewed, 2026-09-13"
Daegu,E-World & Duryu Park,https://upload.wikimedia.org/wikipedia/commons/b/b7/Colorful_DAEGU_Sculpture%2C_Duryu_Park%2C_Daegu.jpg,https://thumb.wikimedia.org/wikipedia/commons/thumb/b/b7/Colorful_DAEGU_Sculpture%2C_Duryu_Park%2C_Daegu.jpg/330px-Colorful_DAEGU_Sculpture%2C_Duryu_Park%2C_Daegu.jpg,"https://commons.wikimedia.org/wiki/File:Colorful_DAEGU_Sculpture,_Duryu_Park,_Daegu.jpg",Choi2451,CC BY-SA 3.0,https://creativecommons.org/licenses/by-sa/3.0,"Colorful DAEGU Sculpture, Duryu Park, Daegu.jpg","Source metadata and preview visually reviewed, 2026-09-13"
Daegu,E-World & Duryu Park,https://upload.wikimedia.org/wikipedia/commons/1/19/Daegu_Duryu_Park_Seongdang-mot_1.JPG,https://thumb.wikimedia.org/wikipedia/commons/thumb/1/19/Daegu_Duryu_Park_Seongdang-mot_1.JPG/330px-Daegu_Duryu_Park_Seongdang-mot_1.JPG,https://commons.wikimedia.org/wiki/File:Daegu_Duryu_Park_Seongdang-mot_1.JPG,"Namoroka

 This photo was taken with Fujifilm FinePix S5600",CC BY-SA 3.0,https://creativecommons.org/licenses/by-sa/3.0,Daegu Duryu Park Seongdang-mot 1.JPG,"Source metadata and preview visually reviewed, 2026-09-13"
Incheon,Incheon Chinatown,https://upload.wikimedia.org/wikipedia/commons/5/52/Chinatown%2C_incheon_20230430_002.jpg,https://thumb.wikimedia.org/wikipedia/commons/thumb/5/52/Chinatown%2C_incheon_20230430_002.jpg/330px-Chinatown%2C_incheon_20230430_002.jpg,"https://commons.wikimedia.org/wiki/File:Chinatown,_incheon_20230430_002.jpg",Mobius6,CC BY-SA 4.0,https://creativecommons.org/licenses/by-sa/4.0,"Chinatown, incheon 20230430 002.jpg","Source metadata and preview visually reviewed, 2026-09-13"
Incheon,Incheon Chinatown,https://upload.wikimedia.org/wikipedia/commons/f/f6/Incheon_Chinatown.jpg,https://thumb.wikimedia.org/wikipedia/commons/thumb/f/f6/Incheon_Chinatown.jpg/330px-Incheon_Chinatown.jpg,https://commons.wikimedia.org/wiki/File:Incheon_Chinatown.jpg,Riodamascus,CC BY-SA 4.0,https://creativecommons.org/licenses/by-sa/4.0,Incheon Chinatown.jpg,"Source metadata and preview visually reviewed, 2026-09-13"
Incheon,Songdo Central Park,https://upload.wikimedia.org/wikipedia/commons/c/cf/Songdo_Convensia_and_Central_Park_View.jpg,https://thumb.wikimedia.org/wikipedia/commons/thumb/c/cf/Songdo_Convensia_and_Central_Park_View.jpg/330px-Songdo_Convensia_and_Central_Park_View.jpg,https://commons.wikimedia.org/wiki/File:Songdo_Convensia_and_Central_Park_View.jpg,Ken Eckert,CC BY-SA 4.0,https://creativecommons.org/licenses/by-sa/4.0,Songdo Convensia and Central Park View.jpg,"Source metadata and preview visually reviewed, 2026-09-13"
Incheon,Songdo Central Park,https://upload.wikimedia.org/wikipedia/commons/9/90/Songdo_Central_Park_in_2021.jpg,https://thumb.wikimedia.org/wikipedia/commons/thumb/9/90/Songdo_Central_Park_in_2021.jpg/330px-Songdo_Central_Park_in_2021.jpg,https://commons.wikimedia.org/wiki/File:Songdo_Central_Park_in_2021.jpg,José Carioca,CC BY-SA 4.0,https://creativecommons.org/licenses/by-sa/4.0,Songdo Central Park in 2021.jpg,"Source metadata and preview visually reviewed, 2026-09-13"
Incheon,Wolmido,https://upload.wikimedia.org/wikipedia/commons/5/56/%EC%9D%B8%EC%B2%9C%EA%B4%91%EC%97%AD%EC%8B%9C_%EC%A4%91%EA%B5%AC_%EC%9B%94%EB%AF%B8%EB%8F%84.jpg,https://thumb.wikimedia.org/wikipedia/commons/thumb/5/56/%EC%9D%B8%EC%B2%9C%EA%B4%91%EC%97%AD%EC%8B%9C_%EC%A4%91%EA%B5%AC_%EC%9B%94%EB%AF%B8%EB%8F%84.jpg/330px-%EC%9D%B8%EC%B2%9C%EA%B4%91%EC%97%AD%EC%8B%9C_%EC%A4%91%EA%B5%AC_%EC%9B%94%EB%AF%B8%EB%8F%84.jpg,https://commons.wikimedia.org/wiki/File:%EC%9D%B8%EC%B2%9C%EA%B4%91%EC%97%AD%EC%8B%9C_%EC%A4%91%EA%B5%AC_%EC%9B%94%EB%AF%B8%EB%8F%84.jpg,Narubaru7,CC BY 4.0,https://creativecommons.org/licenses/by/4.0,인천광역시 중구 월미도.jpg,"Source metadata and preview visually reviewed, 2026-09-13"
Incheon,Wolmido,https://upload.wikimedia.org/wikipedia/commons/f/fc/Walmido_promenade.jpg,https://thumb.wikimedia.org/wikipedia/commons/thumb/f/fc/Walmido_promenade.jpg/330px-Walmido_promenade.jpg,https://commons.wikimedia.org/wiki/File:Walmido_promenade.jpg,Goodwillgames,CC BY-SA 4.0,https://creativecommons.org/licenses/by-sa/4.0,Walmido promenade.jpg,"Source metadata and preview visually reviewed, 2026-09-13"
Incheon,Ganghwa Dolmen Site,https://upload.wikimedia.org/wikipedia/commons/2/21/Dolmen_Ganghwa_Island.JPG,https://thumb.wikimedia.org/wikipedia/commons/thumb/2/21/Dolmen_Ganghwa_Island.JPG/330px-Dolmen_Ganghwa_Island.JPG,https://commons.wikimedia.org/wiki/File:Dolmen_Ganghwa_Island.JPG,,CC BY-SA 3.0,http://creativecommons.org/licenses/by-sa/3.0/,Dolmen Ganghwa Island.JPG,"Source metadata and preview visually reviewed, 2026-09-13"
Incheon,Ganghwa Dolmen Site,https://upload.wikimedia.org/wikipedia/commons/1/1d/Korea-Ganghwado-Dolmen-02.jpg,https://thumb.wikimedia.org/wikipedia/commons/thumb/1/1d/Korea-Ganghwado-Dolmen-02.jpg/330px-Korea-Ganghwado-Dolmen-02.jpg,https://commons.wikimedia.org/wiki/File:Korea-Ganghwado-Dolmen-02.jpg,Hairwizard91 at English Wikipedia,CC BY-SA 3.0,http://creativecommons.org/licenses/by-sa/3.0/,Korea-Ganghwado-Dolmen-02.jpg,"Source metadata and preview visually reviewed, 2026-09-13"
Incheon,Jayu Park,https://upload.wikimedia.org/wikipedia/commons/e/e9/Jayu_Park_20230430_024.jpg,https://thumb.wikimedia.org/wikipedia/commons/thumb/e/e9/Jayu_Park_20230430_024.jpg/330px-Jayu_Park_20230430_024.jpg,https://commons.wikimedia.org/wiki/File:Jayu_Park_20230430_024.jpg,Mobius6,CC BY-SA 4.0,https://creativecommons.org/licenses/by-sa/4.0,Jayu Park 20230430 024.jpg,"Source metadata and preview visually reviewed, 2026-09-13"
Incheon,Jayu Park,https://upload.wikimedia.org/wikipedia/commons/b/be/Jayu_Park_20230430_040.jpg,https://thumb.wikimedia.org/wikipedia/commons/thumb/b/be/Jayu_Park_20230430_040.jpg/330px-Jayu_Park_20230430_040.jpg,https://commons.wikimedia.org/wiki/File:Jayu_Park_20230430_040.jpg,Mobius6,CC BY-SA 4.0,https://creativecommons.org/licenses/by-sa/4.0,Jayu Park 20230430 040.jpg,"Source metadata and preview visually reviewed, 2026-09-13"
Gwangju,Mudeungsan National Park,https://upload.wikimedia.org/wikipedia/commons/9/97/Gwangju_Mudeungsan.jpg,https://thumb.wikimedia.org/wikipedia/commons/thumb/9/97/Gwangju_Mudeungsan.jpg/330px-Gwangju_Mudeungsan.jpg,https://commons.wikimedia.org/wiki/File:Gwangju_Mudeungsan.jpg,Kgw1226,CC BY-SA 4.0,https://creativecommons.org/licenses/by-sa/4.0,Gwangju Mudeungsan.jpg,"Source metadata and preview visually reviewed, 2026-09-13"
Gwangju,Mudeungsan National Park,https://upload.wikimedia.org/wikipedia/commons/6/69/View_from_Mudeungsan.jpg,https://thumb.wikimedia.org/wikipedia/commons/thumb/6/69/View_from_Mudeungsan.jpg/330px-View_from_Mudeungsan.jpg,https://commons.wikimedia.org/wiki/File:View_from_Mudeungsan.jpg,VaneTrz20,CC BY-SA 4.0,https://creativecommons.org/licenses/by-sa/4.0,View from Mudeungsan.jpg,"Source metadata and preview visually reviewed, 2026-09-13"
Gwangju,Kia AutoLand Gwangju,https://upload.wikimedia.org/wikipedia/commons/9/97/Kia_Motors_South_Korea_factory.jpg,https://thumb.wikimedia.org/wikipedia/commons/thumb/9/97/Kia_Motors_South_Korea_factory.jpg/330px-Kia_Motors_South_Korea_factory.jpg,https://commons.wikimedia.org/wiki/File:Kia_Motors_South_Korea_factory.jpg,Kgw5360,CC BY-SA 4.0,https://creativecommons.org/licenses/by-sa/4.0,Kia Motors South Korea factory.jpg,"Source metadata and preview visually reviewed, 2026-09-13"
Gwangju,Kia AutoLand Gwangju,https://upload.wikimedia.org/wikipedia/commons/c/ca/Kia_motors_gwangju_factory.jpg,https://thumb.wikimedia.org/wikipedia/commons/thumb/c/ca/Kia_motors_gwangju_factory.jpg/330px-Kia_motors_gwangju_factory.jpg,https://commons.wikimedia.org/wiki/File:Kia_motors_gwangju_factory.jpg,Sim1992,CC BY-SA 3.0,http://creativecommons.org/licenses/by-sa/3.0/,Kia motors gwangju factory.jpg,"Source metadata and preview visually reviewed, 2026-09-13"
Gwangju,5.18 National Cemetery,https://upload.wikimedia.org/wikipedia/commons/f/f5/Gwangju_Democratization_Movement_Cemetery.jpg,https://thumb.wikimedia.org/wikipedia/commons/thumb/f/f5/Gwangju_Democratization_Movement_Cemetery.jpg/330px-Gwangju_Democratization_Movement_Cemetery.jpg,https://commons.wikimedia.org/wiki/File:Gwangju_Democratization_Movement_Cemetery.jpg,Pioneerhj,CC BY-SA 3.0,https://creativecommons.org/licenses/by-sa/3.0,Gwangju Democratization Movement Cemetery.jpg,"Source metadata and preview visually reviewed, 2026-09-13"
Gwangju,5.18 National Cemetery,https://upload.wikimedia.org/wikipedia/commons/2/22/Gwangju_Democratization_Movement_Cemetery_Tower.jpg,https://thumb.wikimedia.org/wikipedia/commons/thumb/2/22/Gwangju_Democratization_Movement_Cemetery_Tower.jpg/330px-Gwangju_Democratization_Movement_Cemetery_Tower.jpg,https://commons.wikimedia.org/wiki/File:Gwangju_Democratization_Movement_Cemetery_Tower.jpg,Pioneerhj,CC BY-SA 3.0,https://creativecommons.org/licenses/by-sa/3.0,Gwangju Democratization Movement Cemetery Tower.jpg,"Source metadata and preview visually reviewed, 2026-09-13"
Daejeon,Yuseong Hot Springs,https://upload.wikimedia.org/wikipedia/commons/8/83/People_take_a_foot_bath_at_an_outdoor_public_hot_spring_in_Yuseong-gu%2C_Daejeon%2C_Korea.jpg,https://thumb.wikimedia.org/wikipedia/commons/thumb/8/83/People_take_a_foot_bath_at_an_outdoor_public_hot_spring_in_Yuseong-gu%2C_Daejeon%2C_Korea.jpg/330px-People_take_a_foot_bath_at_an_outdoor_public_hot_spring_in_Yuseong-gu%2C_Daejeon%2C_Korea.jpg,"https://commons.wikimedia.org/wiki/File:People_take_a_foot_bath_at_an_outdoor_public_hot_spring_in_Yuseong-gu,_Daejeon,_Korea.jpg",Pmlydon,CC BY-SA 4.0,https://creativecommons.org/licenses/by-sa/4.0,"People take a foot bath at an outdoor public hot spring in Yuseong-gu, Daejeon, Korea.jpg","Source metadata and preview visually reviewed, 2026-09-13"
Daejeon,Yuseong Hot Springs,https://upload.wikimedia.org/wikipedia/commons/7/77/Yuseong_Foot_Spa_at_Night.jpg,https://thumb.wikimedia.org/wikipedia/commons/thumb/7/77/Yuseong_Foot_Spa_at_Night.jpg/330px-Yuseong_Foot_Spa_at_Night.jpg,https://commons.wikimedia.org/wiki/File:Yuseong_Foot_Spa_at_Night.jpg,Pmlydon,CC BY-SA 4.0,https://creativecommons.org/licenses/by-sa/4.0,Yuseong Foot Spa at Night.jpg,"Source metadata and preview visually reviewed, 2026-09-13"
Daejeon,Hanbat Arboretum,https://upload.wikimedia.org/wikipedia/commons/e/e2/Hanbat_Treegarden_West_Flowers.JPG,https://thumb.wikimedia.org/wikipedia/commons/thumb/e/e2/Hanbat_Treegarden_West_Flowers.JPG/330px-Hanbat_Treegarden_West_Flowers.JPG,https://commons.wikimedia.org/wiki/File:Hanbat_Treegarden_West_Flowers.JPG,Created by 람다람쥐,CC BY-SA 3.0,https://creativecommons.org/licenses/by-sa/3.0,Hanbat Treegarden West Flowers.JPG,"Source metadata and preview visually reviewed, 2026-09-13"
Daejeon,Hanbat Arboretum,https://upload.wikimedia.org/wikipedia/commons/0/08/Lydon_daejeon-arboretum-lake-2.jpg,https://thumb.wikimedia.org/wikipedia/commons/thumb/0/08/Lydon_daejeon-arboretum-lake-2.jpg/330px-Lydon_daejeon-arboretum-lake-2.jpg,https://commons.wikimedia.org/wiki/File:Lydon_daejeon-arboretum-lake-2.jpg,Pmlydon,CC BY-SA 4.0,https://creativecommons.org/licenses/by-sa/4.0,Lydon daejeon-arboretum-lake-2.jpg,"Source metadata and preview visually reviewed, 2026-09-13"
Daejeon,Daedeok Innopolis,https://upload.wikimedia.org/wikipedia/commons/4/4a/ETRI_Entrance_-_panoramio.jpg,https://thumb.wikimedia.org/wikipedia/commons/thumb/4/4a/ETRI_Entrance_-_panoramio.jpg/330px-ETRI_Entrance_-_panoramio.jpg,https://commons.wikimedia.org/wiki/File:ETRI_Entrance_-_panoramio.jpg,dokaspar,CC BY-SA 3.0,https://creativecommons.org/licenses/by-sa/3.0,ETRI Entrance - panoramio.jpg,"Source metadata and preview visually reviewed, 2026-09-13"
Daejeon,Daedeok Innopolis,https://upload.wikimedia.org/wikipedia/commons/9/94/%EB%8C%80%EC%A0%84_ETRI_-_panoramio.jpg,https://thumb.wikimedia.org/wikipedia/commons/thumb/9/94/%EB%8C%80%EC%A0%84_ETRI_-_panoramio.jpg/330px-%EB%8C%80%EC%A0%84_ETRI_-_panoramio.jpg,https://commons.wikimedia.org/wiki/File:%EB%8C%80%EC%A0%84_ETRI_-_panoramio.jpg,Seongrae Kim,CC BY 3.0,https://creativecommons.org/licenses/by/3.0,대전 ETRI - panoramio.jpg,"Source metadata and preview visually reviewed, 2026-09-13"
Daejeon,Expo Park & Hanbit Tower,https://upload.wikimedia.org/wikipedia/commons/8/8c/Daejeon_Expo_Bridge_2020_2.jpg,https://thumb.wikimedia.org/wikipedia/commons/thumb/8/8c/Daejeon_Expo_Bridge_2020_2.jpg/330px-Daejeon_Expo_Bridge_2020_2.jpg,https://commons.wikimedia.org/wiki/File:Daejeon_Expo_Bridge_2020_2.jpg,Aatu Dorochenko,CC BY-SA 4.0,https://creativecommons.org/licenses/by-sa/4.0,Daejeon Expo Bridge 2020 2.jpg,"Source metadata and preview visually reviewed, 2026-09-13"
Daejeon,Expo Park & Hanbit Tower,https://upload.wikimedia.org/wikipedia/commons/8/8c/Daejeon_Expo_Bridge_2020_1.jpg,https://thumb.wikimedia.org/wikipedia/commons/thumb/8/8c/Daejeon_Expo_Bridge_2020_1.jpg/330px-Daejeon_Expo_Bridge_2020_1.jpg,https://commons.wikimedia.org/wiki/File:Daejeon_Expo_Bridge_2020_1.jpg,Aatu Dorochenko,CC BY-SA 4.0,https://creativecommons.org/licenses/by-sa/4.0,Daejeon Expo Bridge 2020 1.jpg,"Source metadata and preview visually reviewed, 2026-09-13"
Ulsan,Taehwagang River Park,https://upload.wikimedia.org/wikipedia/commons/8/8c/Taehwa_River.jpg,https://thumb.wikimedia.org/wikipedia/commons/thumb/8/8c/Taehwa_River.jpg/330px-Taehwa_River.jpg,https://commons.wikimedia.org/wiki/File:Taehwa_River.jpg,Rhythm,CC BY-SA 3.0,https://creativecommons.org/licenses/by-sa/3.0,Taehwa River.jpg,"Source metadata and preview visually reviewed, 2026-09-13"
Ulsan,Taehwagang River Park,https://upload.wikimedia.org/wikipedia/commons/8/8f/Taehwa_River_Bamboo_Grove%28Seepri%29%2C_Ulsan.jpg,https://thumb.wikimedia.org/wikipedia/commons/thumb/8/8f/Taehwa_River_Bamboo_Grove%28Seepri%29%2C_Ulsan.jpg/330px-Taehwa_River_Bamboo_Grove%28Seepri%29%2C_Ulsan.jpg,"https://commons.wikimedia.org/wiki/File:Taehwa_River_Bamboo_Grove(Seepri),_Ulsan.jpg",Choi2451,CC BY-SA 3.0,https://creativecommons.org/licenses/by-sa/3.0,"Taehwa River Bamboo Grove(Seepri), Ulsan.jpg","Source metadata and preview visually reviewed, 2026-09-13"
Ulsan,Ganjeolgot,https://upload.wikimedia.org/wikipedia/commons/c/c5/Ganjeolgot%2C_Ulsan_on_August_16th%2C_2018.jpg,https://thumb.wikimedia.org/wikipedia/commons/thumb/c/c5/Ganjeolgot%2C_Ulsan_on_August_16th%2C_2018.jpg/330px-Ganjeolgot%2C_Ulsan_on_August_16th%2C_2018.jpg,"https://commons.wikimedia.org/wiki/File:Ganjeolgot,_Ulsan_on_August_16th,_2018.jpg",Choi2451,CC BY-SA 4.0,https://creativecommons.org/licenses/by-sa/4.0,"Ganjeolgot, Ulsan on August 16th, 2018.jpg","Source metadata and preview visually reviewed, 2026-09-13"
Ulsan,Ganjeolgot,https://tong.visitkorea.or.kr/cms/resource_photo/16/2651916_image2_1.jpg,https://tong.visitkorea.or.kr/cms/resource_photo/16/2651916_image2_1.jpg,https://korean1.visitkorea.or.kr/enu/nphotogallery/photo.kto?func_name=photo_view&newphotoDTO.photo_code=1318044202002001k,"Korea Tourism Organization / Doit Company, No Sihyeon",KOGL Type 1,https://www.kogl.or.kr/info/licenseType1.do,"Cape Ganjeolgot, February 2020","Source metadata and preview visually reviewed, 2026-09-13"
Ulsan,Hyundai Heavy Industries Shipyard,https://upload.wikimedia.org/wikipedia/commons/2/28/Hyundai_ship_engine_under_construction.jpg,https://thumb.wikimedia.org/wikipedia/commons/thumb/2/28/Hyundai_ship_engine_under_construction.jpg/330px-Hyundai_ship_engine_under_construction.jpg,https://commons.wikimedia.org/wiki/File:Hyundai_ship_engine_under_construction.jpg,Erremm,CC BY-SA 4.0,https://creativecommons.org/licenses/by-sa/4.0,Hyundai ship engine under construction.jpg,"Source metadata and preview visually reviewed, 2026-09-13"
Ulsan,Hyundai Heavy Industries Shipyard,https://upload.wikimedia.org/wikipedia/commons/6/61/Eberhard_Petzold_-_Schiffbau_in_Dock_3_der_Hyundai_Werft.jpg,https://thumb.wikimedia.org/wikipedia/commons/thumb/6/61/Eberhard_Petzold_-_Schiffbau_in_Dock_3_der_Hyundai_Werft.jpg/330px-Eberhard_Petzold_-_Schiffbau_in_Dock_3_der_Hyundai_Werft.jpg,https://commons.wikimedia.org/wiki/File:Eberhard_Petzold_-_Schiffbau_in_Dock_3_der_Hyundai_Werft.jpg,"Eberhard Petzold, http://www.foto-dock.com",CC BY-SA 3.0,https://creativecommons.org/licenses/by-sa/3.0,Eberhard Petzold - Schiffbau in Dock 3 der Hyundai Werft.jpg,"Source metadata and preview visually reviewed, 2026-09-13"
Sejongsi,Sejong Lake Park,https://upload.wikimedia.org/wikipedia/commons/5/57/Sejong_lake_park_190609_17.jpg,https://thumb.wikimedia.org/wikipedia/commons/thumb/5/57/Sejong_lake_park_190609_17.jpg/330px-Sejong_lake_park_190609_17.jpg,https://commons.wikimedia.org/wiki/File:Sejong_lake_park_190609_17.jpg,*Youngjin,CC BY-SA 3.0,https://creativecommons.org/licenses/by-sa/3.0,Sejong lake park 190609 17.jpg,"Source metadata and preview visually reviewed, 2026-09-13"
Sejongsi,Sejong Lake Park,https://upload.wikimedia.org/wikipedia/commons/1/1b/Sejong_lake_park_190609_01.jpg,https://thumb.wikimedia.org/wikipedia/commons/thumb/1/1b/Sejong_lake_park_190609_01.jpg/330px-Sejong_lake_park_190609_01.jpg,https://commons.wikimedia.org/wiki/File:Sejong_lake_park_190609_01.jpg,*Youngjin,CC BY-SA 3.0,https://creativecommons.org/licenses/by-sa/3.0,Sejong lake park 190609 01.jpg,"Source metadata and preview visually reviewed, 2026-09-13"
Sejongsi,Geumgang Riverside,https://upload.wikimedia.org/wikipedia/commons/1/14/Honam_HSR_bridge_in_Sejong.jpg,https://thumb.wikimedia.org/wikipedia/commons/thumb/1/14/Honam_HSR_bridge_in_Sejong.jpg/330px-Honam_HSR_bridge_in_Sejong.jpg,https://commons.wikimedia.org/wiki/File:Honam_HSR_bridge_in_Sejong.jpg,Minseong Kim,Public domain,,Honam HSR bridge in Sejong.jpg,"Source metadata and preview visually reviewed, 2026-09-13"
Sejongsi,Geumgang Riverside,https://upload.wikimedia.org/wikipedia/commons/5/53/Geum_River_Sejong.jpg,https://thumb.wikimedia.org/wikipedia/commons/thumb/5/53/Geum_River_Sejong.jpg/330px-Geum_River_Sejong.jpg,https://commons.wikimedia.org/wiki/File:Geum_River_Sejong.jpg,Minseong Kim,CC BY-SA 4.0,https://creativecommons.org/licenses/by-sa/4.0,Geum River Sejong.jpg,"Source metadata and preview visually reviewed, 2026-09-13"
Sejongsi,Government Complex Sejong,https://upload.wikimedia.org/wikipedia/commons/5/56/Government_Complex_Sejong_20190611_Main_Entrance.jpg,https://thumb.wikimedia.org/wikipedia/commons/thumb/5/56/Government_Complex_Sejong_20190611_Main_Entrance.jpg/330px-Government_Complex_Sejong_20190611_Main_Entrance.jpg,https://commons.wikimedia.org/wiki/File:Government_Complex_Sejong_20190611_Main_Entrance.jpg,*Youngjin,CC BY-SA 3.0,https://creativecommons.org/licenses/by-sa/3.0,Government Complex Sejong 20190611 Main Entrance.jpg,"Source metadata and preview visually reviewed, 2026-09-13"
Sejongsi,Government Complex Sejong,https://upload.wikimedia.org/wikipedia/commons/c/c2/Government_Complex_Sejong_NAACC.jpg,https://thumb.wikimedia.org/wikipedia/commons/thumb/c/c2/Government_Complex_Sejong_NAACC.jpg/330px-Government_Complex_Sejong_NAACC.jpg,https://commons.wikimedia.org/wiki/File:Government_Complex_Sejong_NAACC.jpg,Minseong Kim,CC BY-SA 4.0,https://creativecommons.org/licenses/by-sa/4.0,Government Complex Sejong NAACC.jpg,"Source metadata and preview visually reviewed, 2026-09-13"
Gyeonggi-do,Suwon Hwaseong Fortress,https://upload.wikimedia.org/wikipedia/commons/f/ff/Chang_%27an_Gate.jpg,https://thumb.wikimedia.org/wikipedia/commons/thumb/f/ff/Chang_%27an_Gate.jpg/330px-Chang_%27an_Gate.jpg,https://commons.wikimedia.org/wiki/File:Chang_%27an_Gate.jpg,Zhou Yuji1028,CC BY-SA 4.0,https://creativecommons.org/licenses/by-sa/4.0,Chang 'an Gate.jpg,"Source metadata and preview visually reviewed, 2026-09-13"
Gyeonggi-do,Suwon Hwaseong Fortress,https://upload.wikimedia.org/wikipedia/commons/f/fb/Bifyu_8.jpg,https://thumb.wikimedia.org/wikipedia/commons/thumb/f/fb/Bifyu_8.jpg/330px-Bifyu_8.jpg,https://commons.wikimedia.org/wiki/File:Bifyu_8.jpg,"문화재청 (공공누리 제1유형)

bifyu (a flickr user)",CC BY-SA 3.0,https://creativecommons.org/licenses/by-sa/3.0,Bifyu 8.jpg,"Source metadata and preview visually reviewed, 2026-09-13"
Gyeonggi-do,Nami Island,https://upload.wikimedia.org/wikipedia/commons/4/47/%EB%82%A8%EC%9D%B4%EC%84%AC_%2811%29.JPG,https://thumb.wikimedia.org/wikipedia/commons/thumb/4/47/%EB%82%A8%EC%9D%B4%EC%84%AC_%2811%29.JPG/330px-%EB%82%A8%EC%9D%B4%EC%84%AC_%2811%29.JPG,https://commons.wikimedia.org/wiki/File:%EB%82%A8%EC%9D%B4%EC%84%AC_(11).JPG,Jocelyndurrey,CC BY-SA 4.0,https://creativecommons.org/licenses/by-sa/4.0,남이섬 (11).JPG,"Source metadata and preview visually reviewed, 2026-09-13"
Gyeonggi-do,Nami Island,https://upload.wikimedia.org/wikipedia/commons/0/0b/View_of_Nami_Island.JPG,https://thumb.wikimedia.org/wikipedia/commons/thumb/0/0b/View_of_Nami_Island.JPG/330px-View_of_Nami_Island.JPG,https://commons.wikimedia.org/wiki/File:View_of_Nami_Island.JPG,Shinae Hyun,CC BY-SA 4.0,https://creativecommons.org/licenses/by-sa/4.0,View of Nami Island.JPG,"Source metadata and preview visually reviewed, 2026-09-13"
Gyeonggi-do,Paju Book City,https://upload.wikimedia.org/wikipedia/commons/2/24/Pajubookcityhanok.jpg,https://thumb.wikimedia.org/wikipedia/commons/thumb/2/24/Pajubookcityhanok.jpg/330px-Pajubookcityhanok.jpg,https://commons.wikimedia.org/wiki/File:Pajubookcityhanok.jpg,Ccmontgom,CC BY-SA 3.0,https://creativecommons.org/licenses/by-sa/3.0,Pajubookcityhanok.jpg,"Source metadata and preview visually reviewed, 2026-09-13"
Gyeonggi-do,Paju Book City,https://upload.wikimedia.org/wikipedia/commons/c/cb/Paju_Book_City_07logo_%288021610838%29.jpg,https://thumb.wikimedia.org/wikipedia/commons/thumb/c/cb/Paju_Book_City_07logo_%288021610838%29.jpg/330px-Paju_Book_City_07logo_%288021610838%29.jpg,https://commons.wikimedia.org/wiki/File:Paju_Book_City_07logo_(8021610838).jpg,Korea.net / Korean Culture and Information Service (Jeon Han),CC BY-SA 2.0,https://creativecommons.org/licenses/by-sa/2.0,Paju Book City 07logo (8021610838).jpg,"Source metadata and preview visually reviewed, 2026-09-13"
Gyeonggi-do,Samsung Digital City,https://upload.wikimedia.org/wikipedia/commons/a/a7/Samsung_Digital_Complex%2C_Suwon_-_panoramio.jpg,https://thumb.wikimedia.org/wikipedia/commons/thumb/a/a7/Samsung_Digital_Complex%2C_Suwon_-_panoramio.jpg/330px-Samsung_Digital_Complex%2C_Suwon_-_panoramio.jpg,"https://commons.wikimedia.org/wiki/File:Samsung_Digital_Complex,_Suwon_-_panoramio.jpg",Grzegorz Sokol,CC BY 3.0,https://creativecommons.org/licenses/by/3.0,"Samsung Digital Complex, Suwon - panoramio.jpg","Source metadata and preview visually reviewed, 2026-09-13"
Gyeonggi-do,Samsung Digital City,https://upload.wikimedia.org/wikipedia/commons/9/94/Samsung_Electronics_Suwon.JPG,https://thumb.wikimedia.org/wikipedia/commons/thumb/9/94/Samsung_Electronics_Suwon.JPG/330px-Samsung_Electronics_Suwon.JPG,https://commons.wikimedia.org/wiki/File:Samsung_Electronics_Suwon.JPG,hyolee2,CC BY-SA 4.0,https://creativecommons.org/licenses/by-sa/4.0,Samsung Electronics Suwon.JPG,"Source metadata and preview visually reviewed, 2026-09-13"
Gyeonggi-do,Korean Folk Village,https://upload.wikimedia.org/wikipedia/commons/e/ec/Korean_Folk_House2.jpg,https://thumb.wikimedia.org/wikipedia/commons/thumb/e/ec/Korean_Folk_House2.jpg/330px-Korean_Folk_House2.jpg,https://commons.wikimedia.org/wiki/File:Korean_Folk_House2.jpg,AnbyG,CC BY-SA 4.0,https://creativecommons.org/licenses/by-sa/4.0,Korean Folk House2.jpg,"Source metadata and preview visually reviewed, 2026-09-13"
Gyeonggi-do,Korean Folk Village,https://upload.wikimedia.org/wikipedia/commons/6/6d/Traditional_Pavilion2.jpg,https://thumb.wikimedia.org/wikipedia/commons/thumb/6/6d/Traditional_Pavilion2.jpg/330px-Traditional_Pavilion2.jpg,https://commons.wikimedia.org/wiki/File:Traditional_Pavilion2.jpg,AnbyG,CC BY-SA 4.0,https://creativecommons.org/licenses/by-sa/4.0,Traditional Pavilion2.jpg,"Source metadata and preview visually reviewed, 2026-09-13"
Gangwon,Seoraksan National Park,https://upload.wikimedia.org/wikipedia/commons/a/ab/Seoraksan_National_Park_panorama_3.jpg,https://thumb.wikimedia.org/wikipedia/commons/thumb/a/ab/Seoraksan_National_Park_panorama_3.jpg/330px-Seoraksan_National_Park_panorama_3.jpg,https://commons.wikimedia.org/wiki/File:Seoraksan_National_Park_panorama_3.jpg,kallerna,CC BY-SA 4.0,https://creativecommons.org/licenses/by-sa/4.0,Seoraksan National Park panorama 3.jpg,"Source metadata and preview visually reviewed, 2026-09-13"
Gangwon,Seoraksan National Park,https://upload.wikimedia.org/wikipedia/commons/0/0c/Winter_Seoraksan_2017.jpg,https://thumb.wikimedia.org/wikipedia/commons/thumb/0/0c/Winter_Seoraksan_2017.jpg/330px-Winter_Seoraksan_2017.jpg,https://commons.wikimedia.org/wiki/File:Winter_Seoraksan_2017.jpg,Educational Broadcasting System,CC BY 4.0,https://creativecommons.org/licenses/by/4.0,Winter Seoraksan 2017.jpg,"Source metadata and preview visually reviewed, 2026-09-13"
Gangwon,Gangneung,https://upload.wikimedia.org/wikipedia/commons/c/ce/Namdae_stream_water_reflection_of_colorful_clouds_from_Wolhwagyo_bridge_in_Gangneung_South_Korea.jpg,https://thumb.wikimedia.org/wikipedia/commons/thumb/c/ce/Namdae_stream_water_reflection_of_colorful_clouds_from_Wolhwagyo_bridge_in_Gangneung_South_Korea.jpg/330px-Namdae_stream_water_reflection_of_colorful_clouds_from_Wolhwagyo_bridge_in_Gangneung_South_Korea.jpg,https://commons.wikimedia.org/wiki/File:Namdae_stream_water_reflection_of_colorful_clouds_from_Wolhwagyo_bridge_in_Gangneung_South_Korea.jpg,Basile Morin,CC BY-SA 4.0,https://creativecommons.org/licenses/by-sa/4.0,Namdae stream water reflection of colorful clouds from Wolhwagyo bridge in Gangneung South Korea.jpg,"Source metadata and preview visually reviewed, 2026-09-13"
Gangwon,Gangneung,https://upload.wikimedia.org/wikipedia/commons/8/8a/Gyeongpo_Lake_Cherry_Blossoms.JPG,https://thumb.wikimedia.org/wikipedia/commons/thumb/8/8a/Gyeongpo_Lake_Cherry_Blossoms.JPG/330px-Gyeongpo_Lake_Cherry_Blossoms.JPG,https://commons.wikimedia.org/wiki/File:Gyeongpo_Lake_Cherry_Blossoms.JPG,Scroozle,CC BY-SA 3.0,https://creativecommons.org/licenses/by-sa/3.0,Gyeongpo Lake Cherry Blossoms.JPG,"Source metadata and preview visually reviewed, 2026-09-13"
Gangwon,Chuncheon,https://upload.wikimedia.org/wikipedia/commons/1/15/Chuncheon-01.jpg,https://thumb.wikimedia.org/wikipedia/commons/thumb/1/15/Chuncheon-01.jpg/330px-Chuncheon-01.jpg,https://commons.wikimedia.org/wiki/File:Chuncheon-01.jpg,Mark Zastrow,CC BY 2.0,https://creativecommons.org/licenses/by/2.0,Chuncheon-01.jpg,"Source metadata and preview visually reviewed, 2026-09-13"
Gangwon,Chuncheon,https://upload.wikimedia.org/wikipedia/commons/9/9f/%EC%B6%98%EC%B2%9C%EC%97%AD.JPG,https://thumb.wikimedia.org/wikipedia/commons/thumb/9/9f/%EC%B6%98%EC%B2%9C%EC%97%AD.JPG/330px-%EC%B6%98%EC%B2%9C%EC%97%AD.JPG,https://commons.wikimedia.org/wiki/File:%EC%B6%98%EC%B2%9C%EC%97%AD.JPG,박경수,Public domain,,춘천역.JPG,"Source metadata and preview visually reviewed, 2026-09-13"
Gangwon,Woljeongsa & Odaesan,https://upload.wikimedia.org/wikipedia/commons/5/51/Korea-Gangwon-Woljeongsa_Nine_Story_Pagoda_1724-07.JPG,https://thumb.wikimedia.org/wikipedia/commons/thumb/5/51/Korea-Gangwon-Woljeongsa_Nine_Story_Pagoda_1724-07.JPG/330px-Korea-Gangwon-Woljeongsa_Nine_Story_Pagoda_1724-07.JPG,https://commons.wikimedia.org/wiki/File:Korea-Gangwon-Woljeongsa_Nine_Story_Pagoda_1724-07.JPG,Steve46814,CC BY-SA 3.0,https://creativecommons.org/licenses/by-sa/3.0,Korea-Gangwon-Woljeongsa Nine Story Pagoda 1724-07.JPG,"Source metadata and preview visually reviewed, 2026-09-13"
Gangwon,Woljeongsa & Odaesan,https://upload.wikimedia.org/wikipedia/commons/b/ba/Korea-Gangwon-Woljeongsa_Worship_Halls_1732%263-07.jpg,https://thumb.wikimedia.org/wikipedia/commons/thumb/b/ba/Korea-Gangwon-Woljeongsa_Worship_Halls_1732%263-07.jpg/330px-Korea-Gangwon-Woljeongsa_Worship_Halls_1732%263-07.jpg,https://commons.wikimedia.org/wiki/File:Korea-Gangwon-Woljeongsa_Worship_Halls_1732%263-07.jpg,Steve46814,CC BY-SA 3.0,https://creativecommons.org/licenses/by-sa/3.0,Korea-Gangwon-Woljeongsa Worship Halls 1732&3-07.jpg,"Source metadata and preview visually reviewed, 2026-09-13"
Gangwon,Cheorwon Peace Observatory,https://upload.wikimedia.org/wikipedia/commons/2/20/DMZ_Tour_during_2025_Best_Squad_Competition_%289085349%29.jpg,https://thumb.wikimedia.org/wikipedia/commons/thumb/2/20/DMZ_Tour_during_2025_Best_Squad_Competition_%289085349%29.jpg/330px-DMZ_Tour_during_2025_Best_Squad_Competition_%289085349%29.jpg,https://commons.wikimedia.org/wiki/File:DMZ_Tour_during_2025_Best_Squad_Competition_(9085349).jpg,U.S. Army EIGHTHARMY by Pfc. Yun Hyuk Kim,Public domain,,DMZ Tour during 2025 Best Squad Competition (9085349).jpg,"Source metadata and preview visually reviewed, 2026-09-13"
Gangwon,Cheorwon Peace Observatory,https://upload.wikimedia.org/wikipedia/commons/6/6d/DMZ_Tour_during_Best_Squad_Competition_%289085346%29.jpg,https://thumb.wikimedia.org/wikipedia/commons/thumb/6/6d/DMZ_Tour_during_Best_Squad_Competition_%289085346%29.jpg/330px-DMZ_Tour_during_Best_Squad_Competition_%289085346%29.jpg,https://commons.wikimedia.org/wiki/File:DMZ_Tour_during_Best_Squad_Competition_(9085346).jpg,U.S. Army EIGHTHARMY by Pfc. Yun Hyuk Kim,Public domain,,DMZ Tour during Best Squad Competition (9085346).jpg,"Source metadata and preview visually reviewed, 2026-09-13"
Chungcheongbuk-do,Danyang,https://upload.wikimedia.org/wikipedia/commons/c/c3/Danyanggun_Travel_Day2_24_%2831516993604%29.jpg,https://thumb.wikimedia.org/wikipedia/commons/thumb/c/c3/Danyanggun_Travel_Day2_24_%2831516993604%29.jpg/330px-Danyanggun_Travel_Day2_24_%2831516993604%29.jpg,https://commons.wikimedia.org/wiki/File:Danyanggun_Travel_Day2_24_(31516993604).jpg,"Republic of  Korea from Seoul, Republic of Korea",CC BY-SA 2.0,https://creativecommons.org/licenses/by-sa/2.0,Danyanggun Travel Day2 24 (31516993604).jpg,"Source metadata and preview visually reviewed, 2026-09-13"
Chungcheongbuk-do,Danyang,https://upload.wikimedia.org/wikipedia/commons/5/59/Dodamsambong_Rocks%2C_near_Danyang%2C_Korea.jpg,https://thumb.wikimedia.org/wikipedia/commons/thumb/5/59/Dodamsambong_Rocks%2C_near_Danyang%2C_Korea.jpg/330px-Dodamsambong_Rocks%2C_near_Danyang%2C_Korea.jpg,"https://commons.wikimedia.org/wiki/File:Dodamsambong_Rocks,_near_Danyang,_Korea.jpg",Ken Eckert,CC BY-SA 4.0,https://creativecommons.org/licenses/by-sa/4.0,"Dodamsambong Rocks, near Danyang, Korea.jpg","Source metadata and preview visually reviewed, 2026-09-13"
Chungcheongbuk-do,Songnisan National Park,https://upload.wikimedia.org/wikipedia/commons/8/84/Gwaneum_Peak_at_Songnisan.jpg,https://thumb.wikimedia.org/wikipedia/commons/thumb/8/84/Gwaneum_Peak_at_Songnisan.jpg/330px-Gwaneum_Peak_at_Songnisan.jpg,https://commons.wikimedia.org/wiki/File:Gwaneum_Peak_at_Songnisan.jpg,Yoo Chung,CC BY-SA 2.5,https://creativecommons.org/licenses/by-sa/2.5,Gwaneum Peak at Songnisan.jpg,"Source metadata and preview visually reviewed, 2026-09-13"
Chungcheongbuk-do,Songnisan National Park,https://upload.wikimedia.org/wikipedia/commons/d/de/Songnisan_as_seen_from_Cheonwangbong_%28cropped%29.jpg,https://thumb.wikimedia.org/wikipedia/commons/thumb/d/de/Songnisan_as_seen_from_Cheonwangbong_%28cropped%29.jpg/330px-Songnisan_as_seen_from_Cheonwangbong_%28cropped%29.jpg,https://commons.wikimedia.org/wiki/File:Songnisan_as_seen_from_Cheonwangbong_(cropped).jpg,Ashy Minivet,CC0,http://creativecommons.org/publicdomain/zero/1.0/deed.en,Songnisan as seen from Cheonwangbong (cropped).jpg,"Source metadata and preview visually reviewed, 2026-09-13"
Chungcheongbuk-do,Chungju Lake,https://upload.wikimedia.org/wikipedia/commons/7/7d/Chungjuho_Lake.jpg,https://thumb.wikimedia.org/wikipedia/commons/thumb/7/7d/Chungjuho_Lake.jpg/330px-Chungjuho_Lake.jpg,https://commons.wikimedia.org/wiki/File:Chungjuho_Lake.jpg,Ashy Minivet,CC0,http://creativecommons.org/publicdomain/zero/1.0/deed.en,Chungjuho Lake.jpg,"Source metadata and preview visually reviewed, 2026-09-13"
Chungcheongbuk-do,Chungju Lake,https://upload.wikimedia.org/wikipedia/commons/5/5a/Korea-Chungju-Mountain-01.jpg,https://thumb.wikimedia.org/wikipedia/commons/thumb/5/5a/Korea-Chungju-Mountain-01.jpg/330px-Korea-Chungju-Mountain-01.jpg,https://commons.wikimedia.org/wiki/File:Korea-Chungju-Mountain-01.jpg,"Jared Broad from Auckland, New Zealand",CC BY 2.0,https://creativecommons.org/licenses/by/2.0,Korea-Chungju-Mountain-01.jpg,"Source metadata and preview visually reviewed, 2026-09-13"
Chungcheongnam-do,Buyeo,https://upload.wikimedia.org/wikipedia/commons/9/9a/Baek_Je_Cultural_Festival%2C_Bu_Yeo-Gun%2C_South_Korea_-_111007_%286242026151%29.jpg,https://thumb.wikimedia.org/wikipedia/commons/thumb/9/9a/Baek_Je_Cultural_Festival%2C_Bu_Yeo-Gun%2C_South_Korea_-_111007_%286242026151%29.jpg/330px-Baek_Je_Cultural_Festival%2C_Bu_Yeo-Gun%2C_South_Korea_-_111007_%286242026151%29.jpg,"https://commons.wikimedia.org/wiki/File:Baek_Je_Cultural_Festival,_Bu_Yeo-Gun,_South_Korea_-_111007_(6242026151).jpg",USAG- Humphreys,CC BY 2.0,https://creativecommons.org/licenses/by/2.0,"Baek Je Cultural Festival, Bu Yeo-Gun, South Korea - 111007 (6242026151).jpg","Source metadata and preview visually reviewed, 2026-09-13"
Chungcheongnam-do,Buyeo,https://upload.wikimedia.org/wikipedia/commons/3/37/Buyeo_National_Museum_%2820160719_1%29.png,https://thumb.wikimedia.org/wikipedia/commons/thumb/3/37/Buyeo_National_Museum_%2820160719_1%29.png/330px-Buyeo_National_Museum_%2820160719_1%29.png,https://commons.wikimedia.org/wiki/File:Buyeo_National_Museum_(20160719_1).png,Korea.net,CC BY-SA 2.0,https://creativecommons.org/licenses/by-sa/2.0,Buyeo National Museum (20160719 1).png,"Source metadata and preview visually reviewed, 2026-09-13"
Chungcheongnam-do,Taean Beach,https://upload.wikimedia.org/wikipedia/commons/c/c3/Mongsanpo_Beach%2C_Taean_%28%ED%83%9C%EC%95%88_%EB%AA%BD%EC%82%B0%ED%8F%AC_%ED%95%B4%EC%88%98%EC%9A%95%EC%9E%A5%29_-_panoramio.jpg,https://thumb.wikimedia.org/wikipedia/commons/thumb/c/c3/Mongsanpo_Beach%2C_Taean_%28%ED%83%9C%EC%95%88_%EB%AA%BD%EC%82%B0%ED%8F%AC_%ED%95%B4%EC%88%98%EC%9A%95%EC%9E%A5%29_-_panoramio.jpg/330px-Mongsanpo_Beach%2C_Taean_%28%ED%83%9C%EC%95%88_%EB%AA%BD%EC%82%B0%ED%8F%AC_%ED%95%B4%EC%88%98%EC%9A%95%EC%9E%A5%29_-_panoramio.jpg,"https://commons.wikimedia.org/wiki/File:Mongsanpo_Beach,_Taean_(%ED%83%9C%EC%95%88_%EB%AA%BD%EC%82%B0%ED%8F%AC_%ED%95%B4%EC%88%98%EC%9A%95%EC%9E%A5)_-_panoramio.jpg",골뱅이,CC BY-SA 3.0,https://creativecommons.org/licenses/by-sa/3.0,"Mongsanpo Beach, Taean (태안 몽산포 해수욕장) - panoramio.jpg","Source metadata and preview visually reviewed, 2026-09-13"
Chungcheongnam-do,Taean Beach,https://upload.wikimedia.org/wikipedia/commons/a/a1/TaeanHaean_National_Park%2C_Korea2.jpg,https://thumb.wikimedia.org/wikipedia/commons/thumb/a/a1/TaeanHaean_National_Park%2C_Korea2.jpg/330px-TaeanHaean_National_Park%2C_Korea2.jpg,"https://commons.wikimedia.org/wiki/File:TaeanHaean_National_Park,_Korea2.jpg",gary4now,CC BY 3.0,https://creativecommons.org/licenses/by/3.0,"TaeanHaean National Park, Korea2.jpg","Source metadata and preview visually reviewed, 2026-09-13"
Chungcheongnam-do,Oeam Folk Village,https://upload.wikimedia.org/wikipedia/commons/8/80/Oeam_Folk_Village_2010.JPG,https://thumb.wikimedia.org/wikipedia/commons/thumb/8/80/Oeam_Folk_Village_2010.JPG/330px-Oeam_Folk_Village_2010.JPG,https://commons.wikimedia.org/wiki/File:Oeam_Folk_Village_2010.JPG,Jjw,CC BY-SA 3.0,https://creativecommons.org/licenses/by-sa/3.0,Oeam Folk Village 2010.JPG,"Source metadata and preview visually reviewed, 2026-09-13"
Chungcheongnam-do,Oeam Folk Village,https://upload.wikimedia.org/wikipedia/commons/2/21/Oeam_Folk_Village%2C_2006_%284%29.jpg,https://thumb.wikimedia.org/wikipedia/commons/thumb/2/21/Oeam_Folk_Village%2C_2006_%284%29.jpg/330px-Oeam_Folk_Village%2C_2006_%284%29.jpg,"https://commons.wikimedia.org/wiki/File:Oeam_Folk_Village,_2006_(4).jpg",indytrucks (a flickr user),CC BY 2.0,https://creativecommons.org/licenses/by/2.0,"Oeam Folk Village, 2006 (4).jpg","Source metadata and preview visually reviewed, 2026-09-13"
Jeollabuk-do,Jeonju Hanok Village,https://upload.wikimedia.org/wikipedia/commons/b/b6/Eunhaeng-ro.jpg,https://thumb.wikimedia.org/wikipedia/commons/thumb/b/b6/Eunhaeng-ro.jpg/330px-Eunhaeng-ro.jpg,https://commons.wikimedia.org/wiki/File:Eunhaeng-ro.jpg,Minseong Kim,CC BY-SA 4.0,https://creativecommons.org/licenses/by-sa/4.0,Eunhaeng-ro.jpg,"Source metadata and preview visually reviewed, 2026-09-13"
Jeollabuk-do,Jeonju Hanok Village,https://upload.wikimedia.org/wikipedia/commons/2/22/Jeonju_Hanok_Maeul_02.jpg,https://thumb.wikimedia.org/wikipedia/commons/thumb/2/22/Jeonju_Hanok_Maeul_02.jpg/330px-Jeonju_Hanok_Maeul_02.jpg,https://commons.wikimedia.org/wiki/File:Jeonju_Hanok_Maeul_02.jpg,Bernard Gagnon,CC0,http://creativecommons.org/publicdomain/zero/1.0/deed.en,Jeonju Hanok Maeul 02.jpg,"Source metadata and preview visually reviewed, 2026-09-13"
Jeollabuk-do,Naejangsan National Park,https://upload.wikimedia.org/wikipedia/commons/3/3b/Panorama_of_Naejangsan%2C_South_Korea_%283%29.jpg,https://thumb.wikimedia.org/wikipedia/commons/thumb/3/3b/Panorama_of_Naejangsan%2C_South_Korea_%283%29.jpg/330px-Panorama_of_Naejangsan%2C_South_Korea_%283%29.jpg,"https://commons.wikimedia.org/wiki/File:Panorama_of_Naejangsan,_South_Korea_(3).jpg",Lance Vanlewen,CC BY-SA 4.0,https://creativecommons.org/licenses/by-sa/4.0,"Panorama of Naejangsan, South Korea (3).jpg","Source metadata and preview visually reviewed, 2026-09-13"
Jeollabuk-do,Naejangsan National Park,https://upload.wikimedia.org/wikipedia/commons/2/29/Naejangsan_Pavilion_3.jpg,https://thumb.wikimedia.org/wikipedia/commons/thumb/2/29/Naejangsan_Pavilion_3.jpg/330px-Naejangsan_Pavilion_3.jpg,https://commons.wikimedia.org/wiki/File:Naejangsan_Pavilion_3.jpg,Tung Thanh Dang,CC BY-SA 3.0,https://creativecommons.org/licenses/by-sa/3.0,Naejangsan Pavilion 3.jpg,"Source metadata and preview visually reviewed, 2026-09-13"
Jeollabuk-do,Gunsan Modern History Street,https://upload.wikimedia.org/wikipedia/commons/5/55/Gunsanhistorym.jpg,https://thumb.wikimedia.org/wikipedia/commons/thumb/5/55/Gunsanhistorym.jpg/330px-Gunsanhistorym.jpg,https://commons.wikimedia.org/wiki/File:Gunsanhistorym.jpg,Kimhs5400,CC BY-SA 4.0,https://creativecommons.org/licenses/by-sa/4.0,Gunsanhistorym.jpg,"Source metadata and preview visually reviewed, 2026-09-13"
Jeollabuk-do,Gunsan Modern History Street,https://upload.wikimedia.org/wikipedia/commons/6/6a/Entrance_of_Gunsan_Modern_History_Museum.jpg,https://thumb.wikimedia.org/wikipedia/commons/thumb/6/6a/Entrance_of_Gunsan_Modern_History_Museum.jpg/330px-Entrance_of_Gunsan_Modern_History_Museum.jpg,https://commons.wikimedia.org/wiki/File:Entrance_of_Gunsan_Modern_History_Museum.jpg,Dquai,CC BY-SA 4.0,https://creativecommons.org/licenses/by-sa/4.0,Entrance of Gunsan Modern History Museum.jpg,"Source metadata and preview visually reviewed, 2026-09-13"
Jeollabuk-do,Muju Deogyusan Ski Resort,https://upload.wikimedia.org/wikipedia/commons/f/f1/Mujugun_County_31_%2816858966312%29.jpg,https://thumb.wikimedia.org/wikipedia/commons/thumb/f/f1/Mujugun_County_31_%2816858966312%29.jpg/330px-Mujugun_County_31_%2816858966312%29.jpg,https://commons.wikimedia.org/wiki/File:Mujugun_County_31_(16858966312).jpg,"Republic of  Korea from Seoul, Republic of Korea",CC BY-SA 2.0,https://creativecommons.org/licenses/by-sa/2.0,Mujugun County 31 (16858966312).jpg,"Source metadata and preview visually reviewed, 2026-09-13"
Jeollabuk-do,Muju Deogyusan Ski Resort,https://upload.wikimedia.org/wikipedia/commons/2/22/Mujugun_County_34_%2816672514848%29.jpg,https://thumb.wikimedia.org/wikipedia/commons/thumb/2/22/Mujugun_County_34_%2816672514848%29.jpg/330px-Mujugun_County_34_%2816672514848%29.jpg,https://commons.wikimedia.org/wiki/File:Mujugun_County_34_(16672514848).jpg,"Republic of  Korea from Seoul, Republic of Korea",CC BY-SA 2.0,https://creativecommons.org/licenses/by-sa/2.0,Mujugun County 34 (16672514848).jpg,"Source metadata and preview visually reviewed, 2026-09-13"
Jeollanam-do,Suncheon Bay,https://upload.wikimedia.org/wikipedia/commons/6/68/Panorama_of_Reed_fields_in_Suncheon_bay.jpg,https://thumb.wikimedia.org/wikipedia/commons/thumb/6/68/Panorama_of_Reed_fields_in_Suncheon_bay.jpg/330px-Panorama_of_Reed_fields_in_Suncheon_bay.jpg,https://commons.wikimedia.org/wiki/File:Panorama_of_Reed_fields_in_Suncheon_bay.jpg,Bandoche,Public domain,,Panorama of Reed fields in Suncheon bay.jpg,"Source metadata and preview visually reviewed, 2026-09-13"
Jeollanam-do,Suncheon Bay,https://upload.wikimedia.org/wikipedia/commons/3/35/20181231_Suncheon_Bay_002.jpg,https://thumb.wikimedia.org/wikipedia/commons/thumb/3/35/20181231_Suncheon_Bay_002.jpg/330px-20181231_Suncheon_Bay_002.jpg,https://commons.wikimedia.org/wiki/File:20181231_Suncheon_Bay_002.jpg,Jjw,CC BY-SA 4.0,https://creativecommons.org/licenses/by-sa/4.0,20181231 Suncheon Bay 002.jpg,"Source metadata and preview visually reviewed, 2026-09-13"
Jeollanam-do,Boseong Green Tea Fields,https://upload.wikimedia.org/wikipedia/commons/8/82/Korea-Boseong-Green.tea-02.jpg,https://thumb.wikimedia.org/wikipedia/commons/thumb/8/82/Korea-Boseong-Green.tea-02.jpg/330px-Korea-Boseong-Green.tea-02.jpg,https://commons.wikimedia.org/wiki/File:Korea-Boseong-Green.tea-02.jpg,by Fred Ojardias,CC BY 2.0,https://creativecommons.org/licenses/by/2.0,Korea-Boseong-Green.tea-02.jpg,"Source metadata and preview visually reviewed, 2026-09-13"
Jeollanam-do,Boseong Green Tea Fields,https://upload.wikimedia.org/wikipedia/commons/a/a4/Bo-seong_Tea_Field_Entrance_-_panoramio.jpg,https://thumb.wikimedia.org/wikipedia/commons/thumb/a/a4/Bo-seong_Tea_Field_Entrance_-_panoramio.jpg/330px-Bo-seong_Tea_Field_Entrance_-_panoramio.jpg,https://commons.wikimedia.org/wiki/File:Bo-seong_Tea_Field_Entrance_-_panoramio.jpg,Cho's,CC BY-SA 3.0,https://creativecommons.org/licenses/by-sa/3.0,Bo-seong Tea Field Entrance - panoramio.jpg,"Source metadata and preview visually reviewed, 2026-09-13"
Jeollanam-do,Damyang Juknokwon,https://upload.wikimedia.org/wikipedia/commons/5/5c/Damyang_Jungnogwon_%283%29.jpg,https://thumb.wikimedia.org/wikipedia/commons/thumb/5/5c/Damyang_Jungnogwon_%283%29.jpg/330px-Damyang_Jungnogwon_%283%29.jpg,https://commons.wikimedia.org/wiki/File:Damyang_Jungnogwon_(3).jpg,Christian Bolz (크리스티안 볼츠),CC BY-SA 4.0,https://creativecommons.org/licenses/by-sa/4.0,Damyang Jungnogwon (3).jpg,"Source metadata and preview visually reviewed, 2026-09-13"
Jeollanam-do,Damyang Juknokwon,https://upload.wikimedia.org/wikipedia/commons/8/81/Damyang_Jungnogwon_Caf%C3%A9.jpg,https://thumb.wikimedia.org/wikipedia/commons/thumb/8/81/Damyang_Jungnogwon_Caf%C3%A9.jpg/330px-Damyang_Jungnogwon_Caf%C3%A9.jpg,https://commons.wikimedia.org/wiki/File:Damyang_Jungnogwon_Caf%C3%A9.jpg,Christian Bolz (크리스티안 볼츠),CC BY-SA 4.0,https://creativecommons.org/licenses/by-sa/4.0,Damyang Jungnogwon Café.jpg,"Source metadata and preview visually reviewed, 2026-09-13"
Jeollanam-do,Naganeupseong Folk Village,https://upload.wikimedia.org/wikipedia/commons/2/2e/%EB%82%99%EC%95%88%EC%9D%8D%EC%84%B1%EC%A0%84%EA%B2%BD.jpg,https://thumb.wikimedia.org/wikipedia/commons/thumb/2/2e/%EB%82%99%EC%95%88%EC%9D%8D%EC%84%B1%EC%A0%84%EA%B2%BD.jpg/330px-%EB%82%99%EC%95%88%EC%9D%8D%EC%84%B1%EC%A0%84%EA%B2%BD.jpg,https://commons.wikimedia.org/wiki/File:%EB%82%99%EC%95%88%EC%9D%8D%EC%84%B1%EC%A0%84%EA%B2%BD.jpg,Minquddyd,CC BY-SA 4.0,https://creativecommons.org/licenses/by-sa/4.0,낙안읍성전경.jpg,"Source metadata and preview visually reviewed, 2026-09-13"
Jeollanam-do,Naganeupseong Folk Village,https://upload.wikimedia.org/wikipedia/commons/7/78/Hongsalmun_in_Naganeupseong.jpg,https://thumb.wikimedia.org/wikipedia/commons/thumb/7/78/Hongsalmun_in_Naganeupseong.jpg/330px-Hongsalmun_in_Naganeupseong.jpg,https://commons.wikimedia.org/wiki/File:Hongsalmun_in_Naganeupseong.jpg,Bernard Gagnon,CC0,http://creativecommons.org/publicdomain/zero/1.0/deed.en,Hongsalmun in Naganeupseong.jpg,"Source metadata and preview visually reviewed, 2026-09-13"
Jeollanam-do,Yeosu,https://upload.wikimedia.org/wikipedia/commons/1/12/Expo_2012_Yeosu_panoramic_view.jpg,https://thumb.wikimedia.org/wikipedia/commons/thumb/1/12/Expo_2012_Yeosu_panoramic_view.jpg/330px-Expo_2012_Yeosu_panoramic_view.jpg,https://commons.wikimedia.org/wiki/File:Expo_2012_Yeosu_panoramic_view.jpg,Cesarexpo,CC BY-SA 3.0,https://creativecommons.org/licenses/by-sa/3.0,Expo 2012 Yeosu panoramic view.jpg,"Source metadata and preview visually reviewed, 2026-09-13"
Jeollanam-do,Yeosu,https://upload.wikimedia.org/wikipedia/commons/2/28/%EC%97%AC%EC%88%98-%EB%8F%8C%EC%82%B0%EA%B3%B5%EC%9B%90-%EB%8F%8C%EC%82%B0%EB%8C%80%EA%B5%90-%EC%95%BC%EA%B2%BD.jpg,https://thumb.wikimedia.org/wikipedia/commons/thumb/2/28/%EC%97%AC%EC%88%98-%EB%8F%8C%EC%82%B0%EA%B3%B5%EC%9B%90-%EB%8F%8C%EC%82%B0%EB%8C%80%EA%B5%90-%EC%95%BC%EA%B2%BD.jpg/330px-%EC%97%AC%EC%88%98-%EB%8F%8C%EC%82%B0%EA%B3%B5%EC%9B%90-%EB%8F%8C%EC%82%B0%EB%8C%80%EA%B5%90-%EC%95%BC%EA%B2%BD.jpg,https://commons.wikimedia.org/wiki/File:%EC%97%AC%EC%88%98-%EB%8F%8C%EC%82%B0%EA%B3%B5%EC%9B%90-%EB%8F%8C%EC%82%B0%EB%8C%80%EA%B5%90-%EC%95%BC%EA%B2%BD.jpg,레이저마인드,CC0,http://creativecommons.org/publicdomain/zero/1.0/deed.en,여수-돌산공원-돌산대교-야경.jpg,"Source metadata and preview visually reviewed, 2026-09-13"
Gyeongsangbuk-do,Gyeongju Historic Area,https://upload.wikimedia.org/wikipedia/commons/f/f5/Sunset_over_the_Tumuli_Park_in_Gyeongju_Historic_Site_Wolseong_District_South_Korea.jpg,https://thumb.wikimedia.org/wikipedia/commons/thumb/f/f5/Sunset_over_the_Tumuli_Park_in_Gyeongju_Historic_Site_Wolseong_District_South_Korea.jpg/330px-Sunset_over_the_Tumuli_Park_in_Gyeongju_Historic_Site_Wolseong_District_South_Korea.jpg,https://commons.wikimedia.org/wiki/File:Sunset_over_the_Tumuli_Park_in_Gyeongju_Historic_Site_Wolseong_District_South_Korea.jpg,Basile Morin,CC BY-SA 4.0,https://creativecommons.org/licenses/by-sa/4.0,Sunset over the Tumuli Park in Gyeongju Historic Site Wolseong District South Korea.jpg,"Source metadata and preview visually reviewed, 2026-09-13"
Gyeongsangbuk-do,Gyeongju Historic Area,https://upload.wikimedia.org/wikipedia/commons/3/31/Pink_sunrise_over_ponds_in_the_Tumuli_Park_of_Gyeongju_Historic_Site_Wolseong_District_South_Korea.jpg,https://thumb.wikimedia.org/wikipedia/commons/thumb/3/31/Pink_sunrise_over_ponds_in_the_Tumuli_Park_of_Gyeongju_Historic_Site_Wolseong_District_South_Korea.jpg/330px-Pink_sunrise_over_ponds_in_the_Tumuli_Park_of_Gyeongju_Historic_Site_Wolseong_District_South_Korea.jpg,https://commons.wikimedia.org/wiki/File:Pink_sunrise_over_ponds_in_the_Tumuli_Park_of_Gyeongju_Historic_Site_Wolseong_District_South_Korea.jpg,Basile Morin,CC BY-SA 4.0,https://creativecommons.org/licenses/by-sa/4.0,Pink sunrise over ponds in the Tumuli Park of Gyeongju Historic Site Wolseong District South Korea.jpg,"Source metadata and preview visually reviewed, 2026-09-13"
Gyeongsangbuk-do,Hahoe Folk Village,https://upload.wikimedia.org/wikipedia/commons/4/40/Hahoe_Folk_Village_03.jpg,https://thumb.wikimedia.org/wikipedia/commons/thumb/4/40/Hahoe_Folk_Village_03.jpg/330px-Hahoe_Folk_Village_03.jpg,https://commons.wikimedia.org/wiki/File:Hahoe_Folk_Village_03.jpg,Bernard Gagnon,CC0,http://creativecommons.org/publicdomain/zero/1.0/deed.en,Hahoe Folk Village 03.jpg,"Source metadata and preview visually reviewed, 2026-09-13"
Gyeongsangbuk-do,Hahoe Folk Village,https://upload.wikimedia.org/wikipedia/commons/4/41/Korea-Andong-Hahoe_Folk_Village-01.jpg,https://thumb.wikimedia.org/wikipedia/commons/thumb/4/41/Korea-Andong-Hahoe_Folk_Village-01.jpg/330px-Korea-Andong-Hahoe_Folk_Village-01.jpg,https://commons.wikimedia.org/wiki/File:Korea-Andong-Hahoe_Folk_Village-01.jpg,Theda Grimoire,CC BY-SA 2.0,https://creativecommons.org/licenses/by-sa/2.0,Korea-Andong-Hahoe Folk Village-01.jpg,"Source metadata and preview visually reviewed, 2026-09-13"
Gyeongsangbuk-do,POSCO Pohang Steelworks,https://upload.wikimedia.org/wikipedia/commons/5/52/POSCO.jpg,https://thumb.wikimedia.org/wikipedia/commons/thumb/5/52/POSCO.jpg/330px-POSCO.jpg,https://commons.wikimedia.org/wiki/File:POSCO.jpg,Narnars0,CC BY-SA 3.0,https://creativecommons.org/licenses/by-sa/3.0,POSCO.jpg,"Source metadata and preview visually reviewed, 2026-09-13"
Gyeongsangbuk-do,POSCO Pohang Steelworks,https://upload.wikimedia.org/wikipedia/commons/5/5e/POSCO_%28POhang_Steel_Corp.%29_Entrance_-_panoramio.jpg,https://thumb.wikimedia.org/wikipedia/commons/thumb/5/5e/POSCO_%28POhang_Steel_Corp.%29_Entrance_-_panoramio.jpg/330px-POSCO_%28POhang_Steel_Corp.%29_Entrance_-_panoramio.jpg,https://commons.wikimedia.org/wiki/File:POSCO_(POhang_Steel_Corp.)_Entrance_-_panoramio.jpg,Cho's,CC BY-SA 3.0,https://creativecommons.org/licenses/by-sa/3.0,POSCO (POhang Steel Corp.) Entrance - panoramio.jpg,"Source metadata and preview visually reviewed, 2026-09-13"
Gyeongsangbuk-do,Yangdong Folk Village,https://upload.wikimedia.org/wikipedia/commons/a/a2/Gwangajeong_House_02.jpg,https://thumb.wikimedia.org/wikipedia/commons/thumb/a/a2/Gwangajeong_House_02.jpg/330px-Gwangajeong_House_02.jpg,https://commons.wikimedia.org/wiki/File:Gwangajeong_House_02.jpg,Bernard Gagnon,CC0,http://creativecommons.org/publicdomain/zero/1.0/deed.en,Gwangajeong House 02.jpg,"Source metadata and preview visually reviewed, 2026-09-13"
Gyeongsangbuk-do,Yangdong Folk Village,https://upload.wikimedia.org/wikipedia/commons/b/b2/2008-Korea-Gyeongju-Yangdong_Village-06.jpg,https://thumb.wikimedia.org/wikipedia/commons/thumb/b/b2/2008-Korea-Gyeongju-Yangdong_Village-06.jpg/330px-2008-Korea-Gyeongju-Yangdong_Village-06.jpg,https://commons.wikimedia.org/wiki/File:2008-Korea-Gyeongju-Yangdong_Village-06.jpg,"Kok Leng Yeo from Singapore, Singapore",CC BY 2.0,https://creativecommons.org/licenses/by/2.0,2008-Korea-Gyeongju-Yangdong Village-06.jpg,"Source metadata and preview visually reviewed, 2026-09-13"
Gyeongsangnam-do,Tongyeong,https://upload.wikimedia.org/wikipedia/commons/9/9a/Korea-Tongyeong-Cityscape-07.jpg,https://thumb.wikimedia.org/wikipedia/commons/thumb/9/9a/Korea-Tongyeong-Cityscape-07.jpg/330px-Korea-Tongyeong-Cityscape-07.jpg,https://commons.wikimedia.org/wiki/File:Korea-Tongyeong-Cityscape-07.jpg,by Junho Jung at Flickr from South Korea,CC BY-SA 3.0,https://creativecommons.org/licenses/by-sa/3.0,Korea-Tongyeong-Cityscape-07.jpg,"Source metadata and preview visually reviewed, 2026-09-13"
Gyeongsangnam-do,Tongyeong,https://upload.wikimedia.org/wikipedia/commons/b/b0/Tongyeong_Undersea_Tunnel.jpg,https://thumb.wikimedia.org/wikipedia/commons/thumb/b/b0/Tongyeong_Undersea_Tunnel.jpg/330px-Tongyeong_Undersea_Tunnel.jpg,https://commons.wikimedia.org/wiki/File:Tongyeong_Undersea_Tunnel.jpg,Trainholic,CC BY-SA 4.0,https://creativecommons.org/licenses/by-sa/4.0,Tongyeong Undersea Tunnel.jpg,"Source metadata and preview visually reviewed, 2026-09-13"
Gyeongsangnam-do,Jinju,https://upload.wikimedia.org/wikipedia/commons/9/90/Korea-Jinju-Festival-Nam.River-01.jpg,https://thumb.wikimedia.org/wikipedia/commons/thumb/9/90/Korea-Jinju-Festival-Nam.River-01.jpg/330px-Korea-Jinju-Festival-Nam.River-01.jpg,https://commons.wikimedia.org/wiki/File:Korea-Jinju-Festival-Nam.River-01.jpg,by eimoberg,CC BY 2.0,https://creativecommons.org/licenses/by/2.0,Korea-Jinju-Festival-Nam.River-01.jpg,"Source metadata and preview visually reviewed, 2026-09-13"
Gyeongsangnam-do,Jinju,https://upload.wikimedia.org/wikipedia/commons/2/29/View_of_Jinju_01.jpg,https://thumb.wikimedia.org/wikipedia/commons/thumb/2/29/View_of_Jinju_01.jpg/330px-View_of_Jinju_01.jpg,https://commons.wikimedia.org/wiki/File:View_of_Jinju_01.jpg,Bernard Gagnon,CC0,http://creativecommons.org/publicdomain/zero/1.0/deed.en,View of Jinju 01.jpg,"Source metadata and preview visually reviewed, 2026-09-13"
Gyeongsangnam-do,Hanwha Ocean Geoje Shipyard,https://upload.wikimedia.org/wikipedia/commons/8/8d/Offshore_Drilling_Platforms_Under_Construction.jpg,https://thumb.wikimedia.org/wikipedia/commons/thumb/8/8d/Offshore_Drilling_Platforms_Under_Construction.jpg/330px-Offshore_Drilling_Platforms_Under_Construction.jpg,https://commons.wikimedia.org/wiki/File:Offshore_Drilling_Platforms_Under_Construction.jpg,KJRSeattle,CC BY-SA 4.0,https://creativecommons.org/licenses/by-sa/4.0,Offshore Drilling Platforms Under Construction.jpg,"Source metadata and preview visually reviewed, 2026-09-13"
Gyeongsangnam-do,Hanwha Ocean Geoje Shipyard,https://upload.wikimedia.org/wikipedia/commons/a/af/LNG_Carrier_DSME.jpg,https://thumb.wikimedia.org/wikipedia/commons/thumb/a/af/LNG_Carrier_DSME.jpg/330px-LNG_Carrier_DSME.jpg,https://commons.wikimedia.org/wiki/File:LNG_Carrier_DSME.jpg,Towel401 at English Wikipedia,Public domain,,LNG Carrier DSME.jpg,"Source metadata and preview visually reviewed, 2026-09-13"
Gyeongsangnam-do,Haegeumgang,https://upload.wikimedia.org/wikipedia/commons/e/ea/Haegeumgang.jpg,https://thumb.wikimedia.org/wikipedia/commons/thumb/e/ea/Haegeumgang.jpg/330px-Haegeumgang.jpg,https://commons.wikimedia.org/wiki/File:Haegeumgang.jpg,강응규,CC BY 2.0,https://creativecommons.org/licenses/by/2.0,Haegeumgang.jpg,"Source metadata and preview visually reviewed, 2026-09-13"
Gyeongsangnam-do,Haegeumgang,https://upload.wikimedia.org/wikipedia/commons/e/e3/Geoje_Haegeumgang.JPG,https://thumb.wikimedia.org/wikipedia/commons/thumb/e/e3/Geoje_Haegeumgang.JPG/330px-Geoje_Haegeumgang.JPG,https://commons.wikimedia.org/wiki/File:Geoje_Haegeumgang.JPG,Paul Evans - User: (WT-shared) Snave at  wts wikivoyage,Public domain,,Geoje Haegeumgang.JPG,"Source metadata and preview visually reviewed, 2026-09-13"
Jeju-do,Hallasan,https://upload.wikimedia.org/wikipedia/commons/5/56/Wooden_staircase_steps_in_the_forest_of_Hallasan_Park_Eorimok_Trail_at_dusk_on_Jeju_Island_in_South_Korea.jpg,https://thumb.wikimedia.org/wikipedia/commons/thumb/5/56/Wooden_staircase_steps_in_the_forest_of_Hallasan_Park_Eorimok_Trail_at_dusk_on_Jeju_Island_in_South_Korea.jpg/330px-Wooden_staircase_steps_in_the_forest_of_Hallasan_Park_Eorimok_Trail_at_dusk_on_Jeju_Island_in_South_Korea.jpg,https://commons.wikimedia.org/wiki/File:Wooden_staircase_steps_in_the_forest_of_Hallasan_Park_Eorimok_Trail_at_dusk_on_Jeju_Island_in_South_Korea.jpg,Basile Morin,CC BY-SA 4.0,https://creativecommons.org/licenses/by-sa/4.0,Wooden staircase steps in the forest of Hallasan Park Eorimok Trail at dusk on Jeju Island in South Korea.jpg,"Source metadata and preview visually reviewed, 2026-09-13"
Jeju-do,Hallasan,https://upload.wikimedia.org/wikipedia/commons/4/47/Winter_Hallasan_Summit.jpg,https://thumb.wikimedia.org/wikipedia/commons/thumb/4/47/Winter_Hallasan_Summit.jpg/330px-Winter_Hallasan_Summit.jpg,https://commons.wikimedia.org/wiki/File:Winter_Hallasan_Summit.jpg,Jaccoob23,CC BY-SA 4.0,https://creativecommons.org/licenses/by-sa/4.0,Winter Hallasan Summit.jpg,"Source metadata and preview visually reviewed, 2026-09-13"
Jeju-do,Seongsan Ilchulbong,https://upload.wikimedia.org/wikipedia/commons/1/19/Hydrangea_macrophylla_in_front_of_Seongsan_Ilchulbong_volcano_at_blue_hour_in_Jeju_Island_South_Korea.jpg,https://thumb.wikimedia.org/wikipedia/commons/thumb/1/19/Hydrangea_macrophylla_in_front_of_Seongsan_Ilchulbong_volcano_at_blue_hour_in_Jeju_Island_South_Korea.jpg/330px-Hydrangea_macrophylla_in_front_of_Seongsan_Ilchulbong_volcano_at_blue_hour_in_Jeju_Island_South_Korea.jpg,https://commons.wikimedia.org/wiki/File:Hydrangea_macrophylla_in_front_of_Seongsan_Ilchulbong_volcano_at_blue_hour_in_Jeju_Island_South_Korea.jpg,Basile Morin,CC BY-SA 4.0,https://creativecommons.org/licenses/by-sa/4.0,Hydrangea macrophylla in front of Seongsan Ilchulbong volcano at blue hour in Jeju Island South Korea.jpg,"Source metadata and preview visually reviewed, 2026-09-13"
Jeju-do,Seongsan Ilchulbong,https://upload.wikimedia.org/wikipedia/commons/e/e3/%EC%84%B1%EC%82%B0%EC%9D%BC%EC%B6%9C%EB%B4%89_%EC%B2%9C%EC%97%B0%EB%B3%B4%ED%98%B8%EA%B5%AC%EC%97%AD_2019%EB%85%84_%EC%B4%AC%EC%98%81%28%EC%B6%9C%EC%B2%98_%EB%AC%B8%ED%99%94%EC%9E%AC%EC%B2%AD_%EB%8C%80%EB%B3%80%EC%9D%B8%EC%8B%A4%29.jpg,https://thumb.wikimedia.org/wikipedia/commons/thumb/e/e3/%EC%84%B1%EC%82%B0%EC%9D%BC%EC%B6%9C%EB%B4%89_%EC%B2%9C%EC%97%B0%EB%B3%B4%ED%98%B8%EA%B5%AC%EC%97%AD_2019%EB%85%84_%EC%B4%AC%EC%98%81%28%EC%B6%9C%EC%B2%98_%EB%AC%B8%ED%99%94%EC%9E%AC%EC%B2%AD_%EB%8C%80%EB%B3%80%EC%9D%B8%EC%8B%A4%29.jpg/330px-%EC%84%B1%EC%82%B0%EC%9D%BC%EC%B6%9C%EB%B4%89_%EC%B2%9C%EC%97%B0%EB%B3%B4%ED%98%B8%EA%B5%AC%EC%97%AD_2019%EB%85%84_%EC%B4%AC%EC%98%81%28%EC%B6%9C%EC%B2%98_%EB%AC%B8%ED%99%94%EC%9E%AC%EC%B2%AD_%EB%8C%80%EB%B3%80%EC%9D%B8%EC%8B%A4%29.jpg,https://commons.wikimedia.org/wiki/File:%EC%84%B1%EC%82%B0%EC%9D%BC%EC%B6%9C%EB%B4%89_%EC%B2%9C%EC%97%B0%EB%B3%B4%ED%98%B8%EA%B5%AC%EC%97%AD_2019%EB%85%84_%EC%B4%AC%EC%98%81(%EC%B6%9C%EC%B2%98_%EB%AC%B8%ED%99%94%EC%9E%AC%EC%B2%AD_%EB%8C%80%EB%B3%80%EC%9D%B8%EC%8B%A4).jpg,Korea Heritage Service,CC BY-SA 4.0,https://creativecommons.org/licenses/by-sa/4.0,성산일출봉 천연보호구역 2019년 촬영(출처 문화재청 대변인실).jpg,"Source metadata and preview visually reviewed, 2026-09-13"
Jeju-do,Jeju City,https://upload.wikimedia.org/wikipedia/commons/6/65/View_of_Jeju_city.jpg,https://thumb.wikimedia.org/wikipedia/commons/thumb/6/65/View_of_Jeju_city.jpg/330px-View_of_Jeju_city.jpg,https://commons.wikimedia.org/wiki/File:View_of_Jeju_city.jpg,User:Thddbwnd,CC BY 2.5,https://creativecommons.org/licenses/by/2.5,View of Jeju city.jpg,"Source metadata and preview visually reviewed, 2026-09-13"
Jeju-do,Jeju City,https://upload.wikimedia.org/wikipedia/commons/9/98/Jeju_City_Traditional_Five-Day_Market_02.jpg,https://thumb.wikimedia.org/wikipedia/commons/thumb/9/98/Jeju_City_Traditional_Five-Day_Market_02.jpg/330px-Jeju_City_Traditional_Five-Day_Market_02.jpg,https://commons.wikimedia.org/wiki/File:Jeju_City_Traditional_Five-Day_Market_02.jpg,Grapesurgeon,CC BY-SA 4.0,https://creativecommons.org/licenses/by-sa/4.0,Jeju City Traditional Five-Day Market 02.jpg,"Source metadata and preview visually reviewed, 2026-09-13"
Jeju-do,Seongeup Folk Village,https://upload.wikimedia.org/wikipedia/commons/7/71/Go_Chang-hwan%27s_Historic_House_in_Seongeup_Village%2C_Jeju.jpg,https://thumb.wikimedia.org/wikipedia/commons/thumb/7/71/Go_Chang-hwan%27s_Historic_House_in_Seongeup_Village%2C_Jeju.jpg/330px-Go_Chang-hwan%27s_Historic_House_in_Seongeup_Village%2C_Jeju.jpg,"https://commons.wikimedia.org/wiki/File:Go_Chang-hwan%27s_Historic_House_in_Seongeup_Village,_Jeju.jpg",Trainholic,CC BY-SA 4.0,https://creativecommons.org/licenses/by-sa/4.0,"Go Chang-hwan's Historic House in Seongeup Village, Jeju.jpg","Source metadata and preview visually reviewed, 2026-09-13"
Jeju-do,Seongeup Folk Village,https://upload.wikimedia.org/wikipedia/commons/a/ae/Seongeup_Folk_Village_40.jpg,https://thumb.wikimedia.org/wikipedia/commons/thumb/a/ae/Seongeup_Folk_Village_40.jpg/330px-Seongeup_Folk_Village_40.jpg,https://commons.wikimedia.org/wiki/File:Seongeup_Folk_Village_40.jpg,Seefooddiet,CC BY-SA 4.0,https://creativecommons.org/licenses/by-sa/4.0,Seongeup Folk Village 40.jpg,"Source metadata and preview visually reviewed, 2026-09-13"
Jeju-do,Manjanggul Cave,https://upload.wikimedia.org/wikipedia/commons/7/7a/Manjanggul_Lava_tube.jpg,https://thumb.wikimedia.org/wikipedia/commons/thumb/7/7a/Manjanggul_Lava_tube.jpg/330px-Manjanggul_Lava_tube.jpg,https://commons.wikimedia.org/wiki/File:Manjanggul_Lava_tube.jpg,Gary Cycles,CC BY 2.0,https://creativecommons.org/licenses/by/2.0,Manjanggul Lava tube.jpg,"Source metadata and preview visually reviewed, 2026-09-13"
Jeju-do,Manjanggul Cave,https://upload.wikimedia.org/wikipedia/commons/4/48/%EB%A7%8C%EC%9E%A5%EA%B5%B4_%2824%29.jpg,https://thumb.wikimedia.org/wikipedia/commons/thumb/4/48/%EB%A7%8C%EC%9E%A5%EA%B5%B4_%2824%29.jpg/330px-%EB%A7%8C%EC%9E%A5%EA%B5%B4_%2824%29.jpg,https://commons.wikimedia.org/wiki/File:%EB%A7%8C%EC%9E%A5%EA%B5%B4_(24).jpg,"Jocelyndurrey

 This photo was taken with LG G3",CC BY-SA 4.0,https://creativecommons.org/licenses/by-sa/4.0,만장굴 (24).jpg,"Source metadata and preview visually reviewed, 2026-09-13"
Gwangju,Yangnim-dong,https://tour.gwangju.go.kr/uploads/editor/user/2017/12/201712140420565040.jpg,https://tour.gwangju.go.kr/uploads/editor/user/2017/12/201712140420565040.jpg,https://tour.gwangju.go.kr/eng/board/B0025.cs?act=read&articleId=1548&m=80&pageIndex=1&searchCondition=&searchKeyword=,Gwangju Tourism,Publisher image — rights reserved,https://tour.gwangju.go.kr/eng/board/B0025.cs?act=read&articleId=1548&m=80&pageIndex=1&searchCondition=&searchKeyword=,"Penguin Village in Yangnim-dong, view 1","Source metadata and preview visually reviewed, 2026-09-13"
Gwangju,Yangnim-dong,https://tour.gwangju.go.kr/uploads/editor/user/2017/12/201712140422314500.jpg,https://tour.gwangju.go.kr/uploads/editor/user/2017/12/201712140422314500.jpg,https://tour.gwangju.go.kr/eng/board/B0025.cs?act=read&articleId=1548&m=80&pageIndex=1&searchCondition=&searchKeyword=,Gwangju Tourism,Publisher image — rights reserved,https://tour.gwangju.go.kr/eng/board/B0025.cs?act=read&articleId=1548&m=80&pageIndex=1&searchCondition=&searchKeyword=,"Penguin Village in Yangnim-dong, view 2","Source metadata and preview visually reviewed, 2026-09-13"
Chungcheongbuk-do,SK Hynix Cheongju Campus,https://d18r0a86za96sg.cloudfront.net/wp-content/uploads/2026/06/15090727/SK_hynix_M15_in-Cheongju.jpg,https://d18r0a86za96sg.cloudfront.net/wp-content/uploads/2026/06/15090727/SK_hynix_M15_in-Cheongju.jpg,https://news.skhynix.com/en/cheongju-campus-m15/,SK hynix Newsroom,Publisher image — rights reserved,https://news.skhynix.com/en/cheongju-campus-m15/,Cheongju M15 campus,"Source metadata and preview visually reviewed, 2026-09-13"
Chungcheongbuk-do,SK Hynix Cheongju Campus,https://d18r0a86za96sg.cloudfront.net/wp-content/uploads/2026/06/15091900/SK_hynix_Inside_of_the_Clean_Room_3.jpg,https://d18r0a86za96sg.cloudfront.net/wp-content/uploads/2026/06/15091900/SK_hynix_Inside_of_the_Clean_Room_3.jpg,https://news.skhynix.com/en/cheongju-campus-m15_clean-room-3/,SK hynix Newsroom,Publisher image — rights reserved,https://news.skhynix.com/en/cheongju-campus-m15_clean-room-3/,Inside the Cheongju M15 clean room,"Source metadata and preview visually reviewed, 2026-09-13"
Chungcheongnam-do,Hyundai Motor Asan Plant,https://www.motorshow.me/uploadImages/GalleryPics/255000/B259101-2016-Asan-Plant--1-.JPG,https://www.motorshow.me/uploadImages/GalleryPics/255000/B259101-2016-Asan-Plant--1-.JPG,https://www.motorshow.me/photo/16594/2016-asan-plant/en,MotorShow photo gallery,Publisher image — rights reserved,https://www.motorshow.me/photo/16594/2016-asan-plant/en,"Hyundai Asan Plant, 2016 gallery photograph 1","Source metadata and preview visually reviewed, 2026-09-13"
Chungcheongnam-do,Hyundai Motor Asan Plant,https://www.motorshow.me/uploadImages/GalleryPics/255000/B259132-2016-Asan-Plant--4-.jpg,https://www.motorshow.me/uploadImages/GalleryPics/255000/B259132-2016-Asan-Plant--4-.jpg,https://www.motorshow.me/photo/16594/2016-asan-plant/en,MotorShow photo gallery,Publisher image — rights reserved,https://www.motorshow.me/photo/16594/2016-asan-plant/en,Body-assembly scale model at the 2016 Asan Plant visit,"Source metadata and preview visually reviewed, 2026-09-13"
Ulsan,Hyundai Motor Ulsan Plant,https://upload.wikimedia.org/wikipedia/commons/f/f1/Hyundai_car_assembly_line.jpg,https://thumb.wikimedia.org/wikipedia/commons/thumb/f/f1/Hyundai_car_assembly_line.jpg/330px-Hyundai_car_assembly_line.jpg,https://commons.wikimedia.org/wiki/File:Hyundai_car_assembly_line.jpg,User: Anonyme,CC BY 2.5,https://creativecommons.org/licenses/by/2.5,Hyundai car assembly line.jpg,"Source metadata and preview visually reviewed, 2026-09-13"
Ulsan,Hyundai Motor Ulsan Plant,https://dmassets.hyundai.com/is/image/hyundaiautoever/Production-plant-areal-1,https://dmassets.hyundai.com/is/image/hyundaiautoever/Production-plant-areal-1,https://www.hyundai.com/eu/en/about-hyundai/brand/heritage.html,Hyundai Motor,Publisher image — rights reserved,https://www.hyundai.com/eu/en/about-hyundai/brand/heritage.html,"Hyundai assembly plant in Ulsan, aerial view","Source metadata and preview visually reviewed, 2026-09-13"
