clip_id,state,place,activity_score_0_100,bpm,intended_mode,source_track,source_provenance,key_review,prompt
clip01,Seoul,Gyeongbokgung Palace,0,42,major key,research/listener_clips/clip01.mp3,"sunoapi.org V4_5, generated 2026-09-13",PENDING,"Music for a 14th-century royal palace at dawn, guards changing in ceremonial silence. serene traditional Korean meditation music, peaceful daegeum flute and gayageum pluck, warm, quiet, contemplative, major key, around 42 BPM. Instrumentation: ceremonial court music, stone courtyard reverb, temple bell. Cinematic, atmospheric, no vocals, no lyrics."
clip02,Daejeon,Hanbat Arboretum,18.571005,62,major key,research/listener_clips/clip02.mp3,"sunoapi.org V4_5, generated 2026-09-13",PENDING,"Music for a quiet botanical garden in the middle of the science city. peaceful cinematic ambient, quiet nature soundscape, gentle acoustic strings, serene, warm, major key, around 62 BPM. Instrumentation: birdsong, koto-like pluck, leaf rustle. Cinematic, atmospheric, no vocals, no lyrics."
clip03,Jeollanam-do,Naganeupseong Folk Village,23.938318,68,major key,research/listener_clips/clip03.mp3,"sunoapi.org V4_5, generated 2026-09-13",PENDING,"Music for a 600-year-old walled town still farmed by about 100 households behind stone ramparts. serene traditional Korean meditation music, peaceful daegeum flute and gayageum pluck, warm, quiet, contemplative, major key, around 68 BPM. Instrumentation: straw-roof wind, well-bucket creak, farmyard rooster. Cinematic, atmospheric, no vocals, no lyrics."
clip04,Gyeonggi-do,Korean Folk Village,30.418587,75,major key,research/listener_clips/clip04.mp3,"sunoapi.org V4_5, generated 2026-09-13",PENDING,"Music for a recreated Joseon-dynasty village with 260 relocated houses and live folk performances. warm acoustic folk, beautiful traditional Korean court-fusion, serene and happy, gentle rhythm, major key, around 75 BPM. Instrumentation: farmer's percussion band, tightrope-walker gasp, thatched-roof wind. Cinematic, atmospheric, no vocals, no lyrics."
clip05,Chungcheongnam-do,Oeam Folk Village,35.233793,81,major key,research/listener_clips/clip05.mp3,"sunoapi.org V4_5, generated 2026-09-13",PENDING,"Music for a 500-year-old village of thatched and tiled hanok where residents still farm the land. warm acoustic folk, beautiful traditional Korean court-fusion, serene and happy, gentle rhythm, major key, around 81 BPM. Instrumentation: thatched-roof wind rustle, stream trickle, wooden gate creak. Cinematic, atmospheric, no vocals, no lyrics."
clip06,Jeollabuk-do,Gunsan Modern History Street,41.406355,88,major key,research/listener_clips/clip06.mp3,"sunoapi.org V4_5, generated 2026-09-13",PENDING,"Music for a preserved 1920s colonial port street of Japanese banks and warehouses turned museums. calm lo-fi, soft mellow keys, gentle warmth, relaxed, major key, around 88 BPM. Instrumentation: old bank-vault echo, tram-bell ghost, retro film-reel flutter. Cinematic, atmospheric, no vocals, no lyrics."
clip07,Sejongsi,Government Complex Sejong,48.401929,95,minor key,research/listener_clips/clip07.mp3,"sunoapi.org V4_5, generated 2026-09-13",PENDING,"Music for a decentralized government complex with the world's longest rooftop garden connecting 15 ministries. ambient IDM, glitchy minimalist electronic, warm synthesizer pads, cleanroom atmosphere, precise, minor key, around 95 BPM. Instrumentation: quiet corridor echo, rooftop-garden breeze, official footsteps. Cinematic, atmospheric, no vocals, no lyrics."
clip08,Gwangju,Kia AutoLand Gwangju,58.905249,107,major key,research/listener_clips/clip08.mp3,"sunoapi.org V4_5, generated 2026-09-13",PENDING,"Music for a car rolling off the line every few seconds inside a vast automated assembly plant. ambient IDM, glitchy minimalist electronic, warm synthesizer pads, cleanroom atmosphere, precise, major key, around 107 BPM. Instrumentation: robotic-arm servo whine, conveyor-belt clank, assembly-line rhythm. Cinematic, atmospheric, no vocals, no lyrics."
clip09,Seoul,Gangnam,66.26672,115,minor key,research/listener_clips/clip09.mp3,"sunoapi.org V4_5, generated 2026-09-13",PENDING,"Music for a glittering high-rise district of designer boutiques and rooftop bars. mellow lo-fi hip-hop, relaxing city-pop synth pads, chill urban beat, warm, minor key, around 115 BPM. Instrumentation: glossy K-pop synth-pop, sidechain-pumped bass, glass-tower shimmer. Cinematic, atmospheric, no vocals, no lyrics."
clip10,Chungcheongnam-do,Hyundai Motor Asan Plant,87.233793,138,minor key,research/listener_clips/clip10.mp3,"sunoapi.org V4_5, generated 2026-09-13",PENDING,"Music for a 300,000-car-a-year assembly plant building Sonatas and electric IONIQs. futuristic progressive electronic, clean high-tech synth layers, driving modular rhythm, sleek, minor key, around 138 BPM. Instrumentation: press-line stamping thud, paint-booth mist hiss, engine-line torque wrench. Cinematic, atmospheric, no vocals, no lyrics."
