region,overall_satisfaction_100,crowding_satisfaction_100,revisit_intention_100,recommendation_intention_100,population,year,evidence_type,source_tables,source_url,moodscape_use_limit
Busan,80.7,74.8,77.5,75.5,Domestic tourists who experienced tourism travel in the region,2024,official_weighted_survey,"19-2-1; 19-14-1; 20-2-1; 21-2-1",https://datalab.visitkorea.or.kr/site/portal/ex/bbs/View.do?bcIdx=309282&cbIdx=1127,"Perception/context evidence; not ISO 12913 Pleasantness or Eventfulness"
Daegu,77.8,72.6,76.0,72.5,Domestic tourists who experienced tourism travel in the region,2024,official_weighted_survey,"19-2-1; 19-14-1; 20-2-1; 21-2-1",https://datalab.visitkorea.or.kr/site/portal/ex/bbs/View.do?bcIdx=309282&cbIdx=1127,"Perception/context evidence; not ISO 12913 Pleasantness or Eventfulness"
Incheon,78.0,76.3,74.9,74.1,Domestic tourists who experienced tourism travel in the region,2024,official_weighted_survey,"19-2-1; 19-14-1; 20-2-1; 21-2-1",https://datalab.visitkorea.or.kr/site/portal/ex/bbs/View.do?bcIdx=309282&cbIdx=1127,"Perception/context evidence; not ISO 12913 Pleasantness or Eventfulness"
Gwangju,83.3,81.9,79.9,77.4,Domestic tourists who experienced tourism travel in the region,2024,official_weighted_survey,"19-2-1; 19-14-1; 20-2-1; 21-2-1",https://datalab.visitkorea.or.kr/site/portal/ex/bbs/View.do?bcIdx=309282&cbIdx=1127,"Perception/context evidence; not ISO 12913 Pleasantness or Eventfulness"
Ulsan,80.6,79.4,77.1,74.8,Domestic tourists who experienced tourism travel in the region,2024,official_weighted_survey,"19-2-1; 19-14-1; 20-2-1; 21-2-1",https://datalab.visitkorea.or.kr/site/portal/ex/bbs/View.do?bcIdx=309282&cbIdx=1127,"Perception/context evidence; not ISO 12913 Pleasantness or Eventfulness"
Sejongsi,78.2,77.0,72.6,71.2,Domestic tourists who experienced tourism travel in the region,2024,official_weighted_survey,"19-2-1; 19-14-1; 20-2-1; 21-2-1",https://datalab.visitkorea.or.kr/site/portal/ex/bbs/View.do?bcIdx=309282&cbIdx=1127,"Perception/context evidence; not ISO 12913 Pleasantness or Eventfulness"
Gyeonggi-do,79.3,77.2,75.8,74.2,Domestic tourists who experienced tourism travel in the region,2024,official_weighted_survey,"19-2-1; 19-14-1; 20-2-1; 21-2-1",https://datalab.visitkorea.or.kr/site/portal/ex/bbs/View.do?bcIdx=309282&cbIdx=1127,"Perception/context evidence; not ISO 12913 Pleasantness or Eventfulness"
Gangwon,81.0,76.1,77.1,75.5,Domestic tourists who experienced tourism travel in the region,2024,official_weighted_survey,"19-2-1; 19-14-1; 20-2-1; 21-2-1",https://datalab.visitkorea.or.kr/site/portal/ex/bbs/View.do?bcIdx=309282&cbIdx=1127,"Perception/context evidence; not ISO 12913 Pleasantness or Eventfulness"
Chungcheongbuk-do,79.5,77.1,75.3,73.7,Domestic tourists who experienced tourism travel in the region,2024,official_weighted_survey,"19-2-1; 19-14-1; 20-2-1; 21-2-1",https://datalab.visitkorea.or.kr/site/portal/ex/bbs/View.do?bcIdx=309282&cbIdx=1127,"Perception/context evidence; not ISO 12913 Pleasantness or Eventfulness"
Chungcheongnam-do,79.1,76.1,75.4,73.6,Domestic tourists who experienced tourism travel in the region,2024,official_weighted_survey,"19-2-1; 19-14-1; 20-2-1; 21-2-1",https://datalab.visitkorea.or.kr/site/portal/ex/bbs/View.do?bcIdx=309282&cbIdx=1127,"Perception/context evidence; not ISO 12913 Pleasantness or Eventfulness"
Jeollabuk-do,82.9,81.3,80.4,77.9,Domestic tourists who experienced tourism travel in the region,2024,official_weighted_survey,"19-2-1; 19-14-1; 20-2-1; 21-2-1",https://datalab.visitkorea.or.kr/site/portal/ex/bbs/View.do?bcIdx=309282&cbIdx=1127,"Perception/context evidence; not ISO 12913 Pleasantness or Eventfulness"
Jeollanam-do,83.2,82.1,81.6,79.3,Domestic tourists who experienced tourism travel in the region,2024,official_weighted_survey,"19-2-1; 19-14-1; 20-2-1; 21-2-1",https://datalab.visitkorea.or.kr/site/portal/ex/bbs/View.do?bcIdx=309282&cbIdx=1127,"Perception/context evidence; not ISO 12913 Pleasantness or Eventfulness"
Gyeongsangbuk-do,80.0,76.4,76.9,75.5,Domestic tourists who experienced tourism travel in the region,2024,official_weighted_survey,"19-2-1; 19-14-1; 20-2-1; 21-2-1",https://datalab.visitkorea.or.kr/site/portal/ex/bbs/View.do?bcIdx=309282&cbIdx=1127,"Perception/context evidence; not ISO 12913 Pleasantness or Eventfulness"
Gyeongsangnam-do,82.0,77.8,78.9,76.0,Domestic tourists who experienced tourism travel in the region,2024,official_weighted_survey,"19-2-1; 19-14-1; 20-2-1; 21-2-1",https://datalab.visitkorea.or.kr/site/portal/ex/bbs/View.do?bcIdx=309282&cbIdx=1127,"Perception/context evidence; not ISO 12913 Pleasantness or Eventfulness"
Jeju-do,82.5,78.6,78.3,77.0,Domestic tourists who experienced tourism travel in the region,2024,official_weighted_survey,"19-2-1; 19-14-1; 20-2-1; 21-2-1",https://datalab.visitkorea.or.kr/site/portal/ex/bbs/View.do?bcIdx=309282&cbIdx=1127,"Perception/context evidence; not ISO 12913 Pleasantness or Eventfulness"
