region,place,evidence_type,platform_or_publisher,published_year,sample_size_or_scope,mood_observation,iso_relevance,reliability_tier,source_url,limitations
Busan,Province-wide,tourist_survey,National_Tourism_Survey_secondary_analysis,2011-2015,"Five annual national survey waves","Public factors such as kindness tourist information and prices were more important to satisfaction; crowding was consistently statistically insignificant in Busan",contextual_perception,B,https://www.kci.go.kr/kciportal/landing/article.kci?arti_id=ART002190420,"Secondary analysis; satisfaction is not an ISO soundscape rating"
Busan,Province-wide,tourist_survey,Northeast_Asia_Tourism_Research,2020,"197 usable respondents who had visited Busan","Infrastructure convenience and attractiveness positively affected visitor satisfaction",pleasantness_context,B,https://www.kci.go.kr/kciportal/ci/sereArticleSearch/ciSereArtiView.kci?sereArticleSearchBean.artiId=ART002617027,"Respondents lived in Seoul or Gyeonggi; not sound-specific"
Busan,Gwangalli_and_Haeundae,public_discussion,Reddit_r_koreatravel,2026,"One discussion thread with multiple commenters","Both beaches described as busy rather than quiet; Gwangalli described as younger lively and fun with bars cafes busking and events",pleasant_eventful,C,https://www.reddit.com/r/koreatravel/comments/1vvb3wb/busan_or_jeju_and_if_busan_is_a_yes_then/,"Self-selected anecdotal comments; very recent; no representative sampling"
Daegu,Province-wide,tourist_survey,National_Tourism_Survey_secondary_analysis,2011-2015,"Five annual national survey waves","Public factors such as kindness tourist information and price level were especially important to tourist satisfaction",pleasantness_context,B,https://www.kci.go.kr/kciportal/landing/article.kci?arti_id=ART002190420,"Secondary analysis; not a soundscape measurement"
Gwangju,City,public_discussion,Reddit_r_koreatravel,2025,"One multi-user discussion","A visitor described Gwangju as having very few tourists and unusually helpful welcoming interactions",pleasant_uneventful,C,https://www.reddit.com/r/koreatravel/comments/1h72aj2/are_locals_nicer_to_tourists_compared_to_8_years_ago/,"Anecdotal self-selected report; cannot represent the whole province"
Gwangju,Residential_area,public_discussion,Reddit_r_Living_in_Korea,2024,"One discussion","A resident described a quiet neighborhood outside the center with easy access to downtown",pleasant_uneventful,C,https://www.reddit.com/r/Living_in_Korea/comments/1f59qew/gwangju_vs_daegu/,"Neighborhood-level anecdote; location not specified"
Incheon,Province-wide,tourist_survey,National_Tourism_Survey_secondary_analysis,2011-2015,"Five annual national survey waves","Natural landscape was identified as an important regional contributor to tourist satisfaction",pleasantness_context,B,https://www.kci.go.kr/kciportal/landing/article.kci?arti_id=ART002190420,"Secondary analysis; does not measure acoustic perception"
Ulsan,Province-wide,tourist_survey,National_Tourism_Survey_secondary_analysis,2011-2015,"Five annual national survey waves","Lodging was the regional attribute highlighted as important to visitor satisfaction",pleasantness_context,B,https://www.kci.go.kr/kciportal/landing/article.kci?arti_id=ART002190420,"Not sound-specific and older survey period"
Sejongsi,City,public_discussion,Reddit_r_korea,2023,"One resident discussion with multiple replies","Residents repeatedly described Sejong as quiet clean simple modern and low-traffic; some regarded the weak street atmosphere as a disadvantage",mixed_uneventful,C,https://www.reddit.com/r/korea/comments/175sxuo/how_is_sejong_city_now/,"Self-selected resident opinions; useful qualitative evidence but not representative"
Sejongsi,Sejong_National_Arboretum,visitor_survey,Korean_academic_study,2024,"1060 valid online visitor responses","Study measured expectation disconfirmation public-service experience and visitor satisfaction at a major Sejong attraction",perception_dataset_available,B,https://www.kci.go.kr/kciportal/ci/sereArticleSearch/ciSereArtiView.kci?sereArticleSearchBean.artiId=ART003260448,"Attraction-specific; abstract does not provide ISO mood variables"
Gyeonggi-do,Nami_Island,public_trip_report,Reddit_r_koreatravel,2026,"One detailed trip report","The site was described as crowded and touristy but also peaceful with riverside walks and quiet corners",pleasant_mixed_eventfulness,C,https://www.reddit.com/r/koreatravel/comments/1tttjnh/just_returned_back_to_india_after_an_epic_south/,"One attraction cannot represent Gyeonggi-do; apparently contradictory qualities reflect within-site variation"
Gangwon,Province-wide,tourist_survey,National_Tourism_Survey_secondary_analysis,2011-2015,"Five annual national survey waves","Natural landscape was consistently among the strongest contributors to tourist satisfaction",pleasantness_context,B,https://www.kci.go.kr/kciportal/landing/article.kci?arti_id=ART002190420,"Secondary analysis; no direct Eventfulness rating"
Chungcheongbuk-do,Major_tourist_sites,visitor_survey,Chungcheongbuk_do_tourism_office,2012,"1267 respondents from 1300 approached visitors","Survey measured visitor purpose travel form duration representative attractions and satisfaction with tourism conditions",perception_dataset_available,B,https://tour.chungbuk.go.kr/www/selectBbsNttView.do?bbsNo=4&integrDeptCode=&key=91&nttNo=1256&pageIndex=44&searchCnd=all&searchCtgry=&searchKrwd=,"Accessible summary does not publish atmosphere-item microdata"
Chungcheongnam-do,World_Ginseng_Expo,visitor_survey,Tourism_Sciences_Society_of_Korea,2016,"On-site expo visitor survey","Study explicitly tested how perceived crowding affected visitors emotional responses and coping behavior",eventfulness_crowding,B,https://journal.kci.go.kr/JTS/archive/articleView?artiId=ART002112242,"Single temporary event; not representative of the province"
Jeollabuk-do,Province-wide,public_opinion_survey,Korea_Social_Science_Data_Archive,2008,"Archived regional image survey","Survey includes visit satisfaction positive and negative perceptions evoked regional images and tourism improvements",perception_dataset_available,B,https://doi.org/10.22687/KOSSDA-A1-2008-0087-V1.0,"Old data; microdata access conditions apply; not sound-specific"
Jeollabuk-do,Province-wide,tourist_survey,National_Tourism_Survey_secondary_analysis,2011-2015,"Five annual national survey waves","Natural landscape was especially important to domestic tourist satisfaction",pleasantness_context,B,https://www.kci.go.kr/kciportal/landing/article.kci?arti_id=ART002190420,"Secondary analysis; not a soundscape score"
Jeollabuk-do,Jeonju,public_discussion,Reddit_r_koreatravel,2022,"One itinerary discussion","A contributor recommended experiencing quiet Jeonju in the morning while noting that few businesses would be open",uneventful_context,C,https://www.reddit.com/r/koreatravel/comments/y1i365/2_week_itinerary_seoul_gyeongju_busan_jeju_jeonju/,"Anecdotal and time-of-day specific"
Jeollanam-do,Mokpo_region_islands,visitor_survey,Korean_Citation_Index,2025,"279 island tourists","Five visitor-perception dimensions explained 71.104 percent of variance; all 22 importance-satisfaction gaps were significant and natural scenery had one of the largest gaps",pleasantness_context,B,https://www.kci.go.kr/kciportal/ci/sereArticleSearch/ciSereArtiView.kci?sereArticleSearchBean.artiId=ART003314132,"Island-tourism sample; does not represent industrial or urban parts of Jeollanam-do"
Jeollanam-do,Suncheon_National_Garden_and_wetlands,public_discussion,Reddit_r_koreatravel,2023,"One visitor report during Chuseok","National Garden was fairly empty early and crowded by mid-afternoon; wetlands were packed; a night concert created a lively family atmosphere",time_varying_eventfulness,C,https://www.reddit.com/r/koreatravel/comments/17034b4/my_seoul_experience_during_chuseok_2023_summary/,"Holiday conditions are exceptional and should not be generalized to normal days"
Gyeongsangbuk-do,Gyeongju,public_trip_report,Reddit_r_koreatravel,2025,"One long multi-region trip report","Gyeongju was presented as part of an exceptionally positive trip centered on landscapes temples mountains and markets",pleasantness_context,C,https://www.reddit.com/r/koreatravel/comments/1m132rs/24_days_in_south_korea_our_honeymoon_through/,"No explicit province-wide mood rating"
Gyeongsangnam-do,Province-wide,tourist_survey,National_Tourism_Survey_secondary_analysis,2011-2015,"Five annual national survey waves","Food and restaurants were the regional attribute highlighted as important to visitor satisfaction",pleasantness_context,B,https://www.kci.go.kr/kciportal/landing/article.kci?arti_id=ART002190420,"Not sound-specific"
Jeju-do,Olle_Trails,visitor_questionnaire,Association_of_Korean_Photo_Geographers,2017,"Questionnaires across three trail types","Current visitor density was generally judged appropriate; perceived noise significantly affected satisfaction and required management in congested sections",pleasantness_and_eventfulness,B,https://doi.org/10.35149/jakpg.2017.27.3.002,"Trail-specific; older data; not province-wide"
Jeju-do,Province-wide,official_visitor_survey,Jeju_Tourism_Organization,2024,"Annual visitor survey; report has 477 table rows","Official survey covers domestic foreign and cruise visitors using questionnaire and mobile floating-population data",perception_dataset_available,A,https://data.ijto.or.kr/prog/rpstr/bigdata/sub04_01/view.do?regSn=381,"Values must be extracted from the attached report before use; sampling variation acknowledged by publisher"
Jeju-do,Island,public_trip_report,Reddit_r_koreatravel,2026,"One detailed trip report","The island was described as peaceful scenic and suited to slower travel; another commenter described relatively empty beaches",pleasant_uneventful,C,https://www.reddit.com/r/koreatravel/comments/1tttjnh/just_returned_back_to_india_after_an_epic_south/,"Anecdotal visitor report; car-based itinerary may bias experience"
