region,pleasantness,eventfulness,status,basis,cultural_character_summary
Seoul,53,78,sourced,"Hong & Jeon (2020, Building and Environment) on-site soundwalk study of Seoul CBD/commercial streets; PMC12931788 social-media soundscape mapping (156 POIs)","Capital since 1394 under King Taejo; historic core (Jongno/Gyeongbokgung) shows measurably higher meaning-related soundscape content than newer districts like Gangnam."
Busan,53,63,estimated,"No direct study found; estimated from port/industrial density (world's 6th-largest container port) vs. coastal/tourist districts","Korea's 2nd-largest city; Busan International Film Festival since 1996; signature dishes milmyeon and dwaeji gukbap trace to Korean War refugee cooking."
Daegu,53,53,estimated,"No direct study found; estimated from historic market-city character and community-routine daily life","One of Joseon Korea's three great market cities; nicknamed 'Textile City' and 'Apple City'; daily rhythm built around morning markets and evening chimac gatherings."
Incheon,55,50,estimated,"No direct study found; estimated from old port/Chinatown density vs. planned Songdo district","Opened to international trade 1883; home to Korea's only official Chinatown and birthplace of jjajangmyeon; Songdo is a purpose-built smart city begun 2003."
Gwangju,60,43,estimated,"No direct study found; estimated from memorial/historic core vs. art-and-market districts","Officially memorialized as Korea's 'sacred space of democratization' after the May 1980 Uprising; also hosts the Gwangju Biennale (1995), Asia's oldest contemporary-art biennial."
Daejeon,55,45,sourced,"Kim, Kim & Hong (2025, Applied Acoustics) TD-CAMM study of Yuseong-gu, 1006 in-situ surveys — mixed soundscapes rated more pleasant than single-source-dominant ones","Korea's designated science capital; Daedeok Science Town approved 1973; KAIST based there since 1971; houses over half the nation's public research institutes."
Ulsan,40,70,estimated,"No direct study found; estimated from heavy-industrial/shipbuilding character (Hyundai Heavy Industries, largest single auto plant)","Official 'Industrial Capital'; world's largest shipyard; historic whaling port (Jangsaengpo); Korea's first hydrogen-energy demonstration city since 2019."
Sejongsi,65,35,estimated,"No direct study found; estimated from low population density and deliberate green/garden planned-city design","Newest region in Korea; proposed 2002, founded 2007; Guinness World Record 3.6km rooftop garden; population ~30,000 en route to a projected 500,000 by 2030."
Gyeonggi-do,45,75,estimated,"No direct study found; estimated using Seoul CBD soundwalk findings as a proxy given its role as Seoul's commuter/tech belt","Korea's most populous province (13.5M); Suwon is the only completely walled city remaining in South Korea and home to Samsung Electronics HQ/R&D."
Gangwon,80,20,estimated,"No direct study found; estimated from >80% mountainous terrain and general rural-soundscape restorativeness literature","Over 80% mountainous; Mount Seorak is Korea's highest peak; UNESCO-recognized Gangneung Danoje Festival; East Sea coastline."
Chungcheongbuk-do,60,40,estimated,"No direct study found; estimated from agricultural land base with a concentrated semiconductor-industry core in Cheongju","Chungju apples and Yeongdong grapes (Korea's largest grape producer); Cheongju's Jikji (1377) is the world's oldest surviving movable-metal-type printed book; also home to major SK Hynix plants."
Chungcheongnam-do,60,35,estimated,"No direct study found; estimated from historic Baekje-heritage rural character with localized industry in Asan","Historic heartland of the Baekje Kingdom (Gongju/Buyeo capitals 475-660 CE, UNESCO-listed); Asan hosts a Hyundai Motor EV plant near centuries-old Onyang Hot Springs."
Jeollabuk-do,68,35,estimated,"No direct study found; estimated from agricultural land base and Jeonju's slow-paced heritage-tourism character","UNESCO Creative City of Gastronomy; birthplace of bibimbap; Jeonju Hanok Village preserves 800+ traditional houses across six centuries of continuous use."
Jeollanam-do,63,45,estimated,"No direct study found; estimated from rural/coastal character split against Yeosu's large petrochemical complex","Boseong is Korea's largest tea-producing area since 1939; Yeosu's petrochemical complex generates 46-49% of Korea's national petrochemical output."
Gyeongsangbuk-do,60,48,estimated,"No direct study found; estimated from Gyeongju's historic/reverent character split against Pohang's steel-industrial zone","Gyeongju was the Silla Kingdom's capital for ~1000 years (57 BCE-935 CE), UNESCO World Heritage; Pohang became Korea's 'Steel Capital' after POSCO's first integrated steel mill (late 1960s)."
Gyeongsangnam-do,50,58,estimated,"No direct study found; estimated from Geoje's shipbuilding-industrial character split against Jinju's festival/heritage character","Geoje hosts Hanwha Ocean's shipyard including the world's largest single dry dock; Jinju's Namgang Lantern Festival dates to 1592 (Imjin War siege of Jinjuseong)."
Jeju-do,82,40,partial,"P/E score is a reasoned estimate, but grounded in a real, sourced finding: 63.8% of 2624 surveyed foreign tourists cited natural-scenery appreciation as their primary visit motivation","UNESCO Natural World Heritage (lava tube system); haenyeo free-diving culture (UNESCO intangible heritage); Jejueo language classified critically endangered by UNESCO in 2010."
