state,place,wikipedia_title,article_scope,project,access,agent,start,end,avg_monthly_views,total_views,months_covered,expected_months,popularity_offset_0_100,status,retrieved_utc,source_url,error
Seoul,Hongdae,Hongdae_(area),linked article; may describe a wider area,en.wikipedia.org,all-access,user,2025-09-01,2026-08-31,4268.0,51216,12,12,57.6,ok,2026-09-13T04:06:24.188977+00:00,https://wikimedia.org/api/rest_v1/metrics/pageviews/per-article/en.wikipedia.org/all-access/user/Hongdae_%28area%29/monthly/2025090100/2026083100,
Seoul,Gyeongbokgung Palace,Gyeongbokgung,linked article; may describe a wider area,en.wikipedia.org,all-access,user,2025-09-01,2026-08-31,17375.583,208507,12,12,78.18,ok,2026-09-13T04:06:24.918697+00:00,https://wikimedia.org/api/rest_v1/metrics/pageviews/per-article/en.wikipedia.org/all-access/user/Gyeongbokgung/monthly/2025090100/2026083100,
Seoul,Gangnam,Gangnam_District,linked article; may describe a wider area,en.wikipedia.org,all-access,user,2025-09-01,2026-08-31,7135.167,85622,12,12,65.14,ok,2026-09-13T04:06:25.616316+00:00,https://wikimedia.org/api/rest_v1/metrics/pageviews/per-article/en.wikipedia.org/all-access/user/Gangnam_District/monthly/2025090100/2026083100,
Seoul,Bukchon Hanok Village,Bukchon_Hanok_Village,linked article; may describe a wider area,en.wikipedia.org,all-access,user,2025-09-01,2026-08-31,3254.917,39059,12,12,53.63,ok,2026-09-13T04:06:26.629871+00:00,https://wikimedia.org/api/rest_v1/metrics/pageviews/per-article/en.wikipedia.org/all-access/user/Bukchon_Hanok_Village/monthly/2025090100/2026083100,
Seoul,N Seoul Tower,Namsan_Seoul_Tower,linked article; may describe a wider area,en.wikipedia.org,all-access,user,2025-09-01,2026-08-31,4012.5,24075,6,12,,partial,2026-09-13T04:06:27.328680+00:00,https://wikimedia.org/api/rest_v1/metrics/pageviews/per-article/en.wikipedia.org/all-access/user/Namsan_Seoul_Tower/monthly/2025090100/2026083100,
Seoul,Dongdaemun Design Plaza,Dongdaemun_Design_Plaza,linked article; may describe a wider area,en.wikipedia.org,all-access,user,2025-09-01,2026-08-31,2907.833,34894,12,12,51.98,ok,2026-09-13T04:06:28.130438+00:00,https://wikimedia.org/api/rest_v1/metrics/pageviews/per-article/en.wikipedia.org/all-access/user/Dongdaemun_Design_Plaza/monthly/2025090100/2026083100,
Busan,Haeundae Beach,Haeundae_Beach,linked article; may describe a wider area,en.wikipedia.org,all-access,user,2025-09-01,2026-08-31,2052.333,24628,12,12,46.87,ok,2026-09-13T04:06:28.782898+00:00,https://wikimedia.org/api/rest_v1/metrics/pageviews/per-article/en.wikipedia.org/all-access/user/Haeundae_Beach/monthly/2025090100/2026083100,
Busan,Gamcheon Culture Village,Gamcheon_Culture_Village,linked article; may describe a wider area,en.wikipedia.org,all-access,user,2025-09-01,2026-08-31,2299.5,27594,12,12,48.54,ok,2026-09-13T04:06:29.445331+00:00,https://wikimedia.org/api/rest_v1/metrics/pageviews/per-article/en.wikipedia.org/all-access/user/Gamcheon_Culture_Village/monthly/2025090100/2026083100,
Busan,Jagalchi Market,Jagalchi_Market,linked article; may describe a wider area,en.wikipedia.org,all-access,user,2025-09-01,2026-08-31,780.667,9368,12,12,32.71,ok,2026-09-13T04:06:30.164924+00:00,https://wikimedia.org/api/rest_v1/metrics/pageviews/per-article/en.wikipedia.org/all-access/user/Jagalchi_Market/monthly/2025090100/2026083100,
Busan,Taejongdae,Taejongdae,linked article; may describe a wider area,en.wikipedia.org,all-access,user,2025-09-01,2026-08-31,301.0,3612,12,12,18.76,ok,2026-09-13T04:06:30.866554+00:00,https://wikimedia.org/api/rest_v1/metrics/pageviews/per-article/en.wikipedia.org/all-access/user/Taejongdae/monthly/2025090100/2026083100,
Busan,BIFF Square,Nampo-dong,linked article; may describe a wider area,en.wikipedia.org,all-access,user,2025-09-01,2026-08-31,497.167,5966,12,12,26.1,ok,2026-09-13T04:06:31.575450+00:00,https://wikimedia.org/api/rest_v1/metrics/pageviews/per-article/en.wikipedia.org/all-access/user/Nampo-dong/monthly/2025090100/2026083100,
Daegu,Seomun Market,Seomun_Market,linked article; may describe a wider area,en.wikipedia.org,all-access,user,2025-09-01,2026-08-31,198.0,2376,12,12,12.65,ok,2026-09-13T04:06:32.408807+00:00,https://wikimedia.org/api/rest_v1/metrics/pageviews/per-article/en.wikipedia.org/all-access/user/Seomun_Market/monthly/2025090100/2026083100,
Daegu,Apsan Park,Apsan_Park,linked article; may describe a wider area,en.wikipedia.org,all-access,user,2025-09-01,2026-08-31,97.333,1168,12,12,2.31,ok,2026-09-13T04:06:33.192130+00:00,https://wikimedia.org/api/rest_v1/metrics/pageviews/per-article/en.wikipedia.org/all-access/user/Apsan_Park/monthly/2025090100/2026083100,
Daegu,Donghwasa Temple,Donghwasa,linked article; may describe a wider area,en.wikipedia.org,all-access,user,2025-09-01,2026-08-31,214.333,2572,12,12,13.8,ok,2026-09-13T04:06:33.889923+00:00,https://wikimedia.org/api/rest_v1/metrics/pageviews/per-article/en.wikipedia.org/all-access/user/Donghwasa/monthly/2025090100/2026083100,
Daegu,E-World & Duryu Park,,linked article; may describe a wider area,en.wikipedia.org,all-access,user,2025-09-01,2026-08-31,,,,12,,no_wikipedia_article,,,
Incheon,Incheon Chinatown,Incheon_Chinatown,linked article; may describe a wider area,en.wikipedia.org,all-access,user,2025-09-01,2026-08-31,604.583,7255,12,12,28.97,ok,2026-09-13T04:06:34.555282+00:00,https://wikimedia.org/api/rest_v1/metrics/pageviews/per-article/en.wikipedia.org/all-access/user/Incheon_Chinatown/monthly/2025090100/2026083100,
Incheon,Songdo Central Park,Songdo,linked article; may describe a wider area,en.wikipedia.org,all-access,user,2025-09-01,2026-08-31,2812.917,33755,12,12,51.49,ok,2026-09-13T04:06:35.987743+00:00,https://wikimedia.org/api/rest_v1/metrics/pageviews/per-article/en.wikipedia.org/all-access/user/Songdo/monthly/2025090100/2026083100,
Incheon,Wolmido,Wolmido,linked article; may describe a wider area,en.wikipedia.org,all-access,user,2025-09-01,2026-08-31,421.917,5063,12,12,23.7,ok,2026-09-13T04:06:36.667268+00:00,https://wikimedia.org/api/rest_v1/metrics/pageviews/per-article/en.wikipedia.org/all-access/user/Wolmido/monthly/2025090100/2026083100,
Incheon,Ganghwa Dolmen Site,,linked article; may describe a wider area,en.wikipedia.org,all-access,user,2025-09-01,2026-08-31,,,,12,,no_wikipedia_article,,,
Incheon,Jayu Park,Jayu_Park,linked article; may describe a wider area,en.wikipedia.org,all-access,user,2025-09-01,2026-08-31,285.333,3424,12,12,17.98,ok,2026-09-13T04:06:37.459640+00:00,https://wikimedia.org/api/rest_v1/metrics/pageviews/per-article/en.wikipedia.org/all-access/user/Jayu_Park/monthly/2025090100/2026083100,
Gwangju,Mudeungsan National Park,Mudeungsan,linked article; may describe a wider area,en.wikipedia.org,all-access,user,2025-09-01,2026-08-31,183.333,2200,12,12,11.52,ok,2026-09-13T04:06:38.354503+00:00,https://wikimedia.org/api/rest_v1/metrics/pageviews/per-article/en.wikipedia.org/all-access/user/Mudeungsan/monthly/2025090100/2026083100,
Gwangju,Yangnim-dong,Gwangju,linked article; may describe a wider area,en.wikipedia.org,all-access,user,2025-09-01,2026-08-31,11839.417,142073,12,12,72.56,ok,2026-09-13T04:06:39.133978+00:00,https://wikimedia.org/api/rest_v1/metrics/pageviews/per-article/en.wikipedia.org/all-access/user/Gwangju/monthly/2025090100/2026083100,
Gwangju,Kia AutoLand Gwangju,,linked article; may describe a wider area,en.wikipedia.org,all-access,user,2025-09-01,2026-08-31,,,,12,,no_wikipedia_article,,,
Gwangju,5.18 National Cemetery,May_18th_National_Cemetery,linked article; may describe a wider area,en.wikipedia.org,all-access,user,2025-09-01,2026-08-31,384.083,4609,12,12,22.33,ok,2026-09-13T04:06:39.937734+00:00,https://wikimedia.org/api/rest_v1/metrics/pageviews/per-article/en.wikipedia.org/all-access/user/May_18th_National_Cemetery/monthly/2025090100/2026083100,
Daejeon,Yuseong Hot Springs,Yuseong_District,linked article; may describe a wider area,en.wikipedia.org,all-access,user,2025-09-01,2026-08-31,251.167,3014,12,12,16.12,ok,2026-09-13T04:06:40.650145+00:00,https://wikimedia.org/api/rest_v1/metrics/pageviews/per-article/en.wikipedia.org/all-access/user/Yuseong_District/monthly/2025090100/2026083100,
Daejeon,Hanbat Arboretum,Daejeon,linked article; may describe a wider area,en.wikipedia.org,all-access,user,2025-09-01,2026-08-31,11037.833,132454,12,12,71.53,ok,2026-09-13T04:06:41.342018+00:00,https://wikimedia.org/api/rest_v1/metrics/pageviews/per-article/en.wikipedia.org/all-access/user/Daejeon/monthly/2025090100/2026083100,
Daejeon,Daedeok Innopolis,,linked article; may describe a wider area,en.wikipedia.org,all-access,user,2025-09-01,2026-08-31,,,,12,,no_wikipedia_article,,,
Daejeon,Expo Park & Hanbit Tower,Expo_Science_Park,linked article; may describe a wider area,en.wikipedia.org,all-access,user,2025-09-01,2026-08-31,120.583,1447,12,12,5.42,ok,2026-09-13T04:06:42.007313+00:00,https://wikimedia.org/api/rest_v1/metrics/pageviews/per-article/en.wikipedia.org/all-access/user/Expo_Science_Park/monthly/2025090100/2026083100,
Ulsan,Taehwagang River Park,Ulsan,linked article; may describe a wider area,en.wikipedia.org,all-access,user,2025-09-01,2026-08-31,9642.25,115707,12,12,69.55,ok,2026-09-13T04:06:42.746987+00:00,https://wikimedia.org/api/rest_v1/metrics/pageviews/per-article/en.wikipedia.org/all-access/user/Ulsan/monthly/2025090100/2026083100,
Ulsan,Ganjeolgot,,linked article; may describe a wider area,en.wikipedia.org,all-access,user,2025-09-01,2026-08-31,,,,12,,no_wikipedia_article,,,
Ulsan,Hyundai Motor Ulsan Plant,,linked article; may describe a wider area,en.wikipedia.org,all-access,user,2025-09-01,2026-08-31,,,,12,,no_wikipedia_article,,,
Ulsan,Hyundai Heavy Industries Shipyard,HD_Hyundai_Heavy_Industries,linked article; may describe a wider area,en.wikipedia.org,all-access,user,2025-09-01,2026-08-31,5462.75,65553,12,12,61.22,ok,2026-09-13T04:06:43.439960+00:00,https://wikimedia.org/api/rest_v1/metrics/pageviews/per-article/en.wikipedia.org/all-access/user/HD_Hyundai_Heavy_Industries/monthly/2025090100/2026083100,
Sejongsi,Sejong Lake Park,Sejong_City,linked article; may describe a wider area,en.wikipedia.org,all-access,user,2025-09-01,2026-08-31,8312.917,99755,12,12,67.37,ok,2026-09-13T04:06:44.102793+00:00,https://wikimedia.org/api/rest_v1/metrics/pageviews/per-article/en.wikipedia.org/all-access/user/Sejong_City/monthly/2025090100/2026083100,
Sejongsi,Geumgang Riverside,,linked article; may describe a wider area,en.wikipedia.org,all-access,user,2025-09-01,2026-08-31,,,,12,,no_wikipedia_article,,,
Sejongsi,Government Complex Sejong,,linked article; may describe a wider area,en.wikipedia.org,all-access,user,2025-09-01,2026-08-31,,,,12,,no_wikipedia_article,,,
Gyeonggi-do,Suwon Hwaseong Fortress,Hwaseong_Fortress,linked article; may describe a wider area,en.wikipedia.org,all-access,user,2025-09-01,2026-08-31,4264.5,51174,12,12,57.59,ok,2026-09-13T04:06:44.836507+00:00,https://wikimedia.org/api/rest_v1/metrics/pageviews/per-article/en.wikipedia.org/all-access/user/Hwaseong_Fortress/monthly/2025090100/2026083100,
Gyeonggi-do,Nami Island,Namiseom,linked article; may describe a wider area,en.wikipedia.org,all-access,user,2025-09-01,2026-08-31,1499.667,17996,12,12,42.27,ok,2026-09-13T04:06:45.541501+00:00,https://wikimedia.org/api/rest_v1/metrics/pageviews/per-article/en.wikipedia.org/all-access/user/Namiseom/monthly/2025090100/2026083100,
Gyeonggi-do,Paju Book City,Paju_Book_City,linked article; may describe a wider area,en.wikipedia.org,all-access,user,2025-09-01,2026-08-31,376.5,4518,12,12,22.03,ok,2026-09-13T04:06:46.210065+00:00,https://wikimedia.org/api/rest_v1/metrics/pageviews/per-article/en.wikipedia.org/all-access/user/Paju_Book_City/monthly/2025090100/2026083100,
Gyeonggi-do,Samsung Digital City,Samsung,linked article; may describe a wider area,en.wikipedia.org,all-access,user,2025-09-01,2026-08-31,76930.167,923162,12,12,100.0,ok,2026-09-13T04:06:46.953397+00:00,https://wikimedia.org/api/rest_v1/metrics/pageviews/per-article/en.wikipedia.org/all-access/user/Samsung/monthly/2025090100/2026083100,
Gyeonggi-do,Korean Folk Village,Korean_Folk_Village,linked article; may describe a wider area,en.wikipedia.org,all-access,user,2025-09-01,2026-08-31,810.5,9726,12,12,33.26,ok,2026-09-13T04:06:47.667884+00:00,https://wikimedia.org/api/rest_v1/metrics/pageviews/per-article/en.wikipedia.org/all-access/user/Korean_Folk_Village/monthly/2025090100/2026083100,
Gangwon,Seoraksan National Park,Seoraksan,linked article; may describe a wider area,en.wikipedia.org,all-access,user,2025-09-01,2026-08-31,2185.583,26227,12,12,47.79,ok,2026-09-13T04:06:48.415980+00:00,https://wikimedia.org/api/rest_v1/metrics/pageviews/per-article/en.wikipedia.org/all-access/user/Seoraksan/monthly/2025090100/2026083100,
Gangwon,Gangneung,Gangneung,linked article; may describe a wider area,en.wikipedia.org,all-access,user,2025-09-01,2026-08-31,3708.667,44504,12,12,55.54,ok,2026-09-13T04:06:49.134954+00:00,https://wikimedia.org/api/rest_v1/metrics/pageviews/per-article/en.wikipedia.org/all-access/user/Gangneung/monthly/2025090100/2026083100,
Gangwon,Chuncheon,Chuncheon,linked article; may describe a wider area,en.wikipedia.org,all-access,user,2025-09-01,2026-08-31,5038.25,60459,12,12,60.03,ok,2026-09-13T04:06:49.855440+00:00,https://wikimedia.org/api/rest_v1/metrics/pageviews/per-article/en.wikipedia.org/all-access/user/Chuncheon/monthly/2025090100/2026083100,
Gangwon,Woljeongsa & Odaesan,Woljeongsa,linked article; may describe a wider area,en.wikipedia.org,all-access,user,2025-09-01,2026-08-31,320.167,3842,12,12,19.67,ok,2026-09-13T04:06:50.508068+00:00,https://wikimedia.org/api/rest_v1/metrics/pageviews/per-article/en.wikipedia.org/all-access/user/Woljeongsa/monthly/2025090100/2026083100,
Gangwon,Cheorwon Peace Observatory,,linked article; may describe a wider area,en.wikipedia.org,all-access,user,2025-09-01,2026-08-31,,,,12,,no_wikipedia_article,,,
Chungcheongbuk-do,Danyang,Danyang_County,linked article; may describe a wider area,en.wikipedia.org,all-access,user,2025-09-01,2026-08-31,348.083,4177,12,12,20.89,ok,2026-09-13T04:06:51.215001+00:00,https://wikimedia.org/api/rest_v1/metrics/pageviews/per-article/en.wikipedia.org/all-access/user/Danyang_County/monthly/2025090100/2026083100,
Chungcheongbuk-do,Songnisan National Park,Songnisan,linked article; may describe a wider area,en.wikipedia.org,all-access,user,2025-09-01,2026-08-31,108.583,1303,12,12,3.9,ok,2026-09-13T04:06:51.883153+00:00,https://wikimedia.org/api/rest_v1/metrics/pageviews/per-article/en.wikipedia.org/all-access/user/Songnisan/monthly/2025090100/2026083100,
Chungcheongbuk-do,SK Hynix Cheongju Campus,,linked article; may describe a wider area,en.wikipedia.org,all-access,user,2025-09-01,2026-08-31,,,,12,,no_wikipedia_article,,,
Chungcheongbuk-do,Chungju Lake,Chungju,linked article; may describe a wider area,en.wikipedia.org,all-access,user,2025-09-01,2026-08-31,2403.417,28841,12,12,49.18,ok,2026-09-13T04:06:52.619354+00:00,https://wikimedia.org/api/rest_v1/metrics/pageviews/per-article/en.wikipedia.org/all-access/user/Chungju/monthly/2025090100/2026083100,
Chungcheongnam-do,Buyeo,Buyeo_County,linked article; may describe a wider area,en.wikipedia.org,all-access,user,2025-09-01,2026-08-31,566.417,6797,12,12,28.01,ok,2026-09-13T04:06:53.331282+00:00,https://wikimedia.org/api/rest_v1/metrics/pageviews/per-article/en.wikipedia.org/all-access/user/Buyeo_County/monthly/2025090100/2026083100,
Chungcheongnam-do,Taean Beach,Taeanhaean_National_Park,linked article; may describe a wider area,en.wikipedia.org,all-access,user,2025-09-01,2026-08-31,100.583,1207,12,12,2.79,ok,2026-09-13T04:06:53.992848+00:00,https://wikimedia.org/api/rest_v1/metrics/pageviews/per-article/en.wikipedia.org/all-access/user/Taeanhaean_National_Park/monthly/2025090100/2026083100,
Chungcheongnam-do,Hyundai Motor Asan Plant,,linked article; may describe a wider area,en.wikipedia.org,all-access,user,2025-09-01,2026-08-31,,,,12,,no_wikipedia_article,,,
Chungcheongnam-do,Oeam Folk Village,Oeam,linked article; may describe a wider area,en.wikipedia.org,all-access,user,2025-09-01,2026-08-31,83.0,996,12,12,0.0,ok,2026-09-13T04:06:54.649350+00:00,https://wikimedia.org/api/rest_v1/metrics/pageviews/per-article/en.wikipedia.org/all-access/user/Oeam/monthly/2025090100/2026083100,
Jeollabuk-do,Jeonju Hanok Village,Jeonju,linked article; may describe a wider area,en.wikipedia.org,all-access,user,2025-09-01,2026-08-31,6481.167,77774,12,12,63.73,ok,2026-09-13T04:06:55.425565+00:00,https://wikimedia.org/api/rest_v1/metrics/pageviews/per-article/en.wikipedia.org/all-access/user/Jeonju/monthly/2025090100/2026083100,
Jeollabuk-do,Naejangsan National Park,Naejangsan,linked article; may describe a wider area,en.wikipedia.org,all-access,user,2025-09-01,2026-08-31,118.083,1417,12,12,5.12,ok,2026-09-13T04:06:56.103683+00:00,https://wikimedia.org/api/rest_v1/metrics/pageviews/per-article/en.wikipedia.org/all-access/user/Naejangsan/monthly/2025090100/2026083100,
Jeollabuk-do,Gunsan Modern History Street,Gunsan,linked article; may describe a wider area,en.wikipedia.org,all-access,user,2025-09-01,2026-08-31,1601.583,19219,12,12,43.23,ok,2026-09-13T04:06:56.832993+00:00,https://wikimedia.org/api/rest_v1/metrics/pageviews/per-article/en.wikipedia.org/all-access/user/Gunsan/monthly/2025090100/2026083100,
Jeollabuk-do,Muju Deogyusan Ski Resort,,linked article; may describe a wider area,en.wikipedia.org,all-access,user,2025-09-01,2026-08-31,,,,12,,no_wikipedia_article,,,
Jeollanam-do,Suncheon Bay,Suncheon_Bay_Ecological_Park,linked article; may describe a wider area,en.wikipedia.org,all-access,user,2025-09-01,2026-08-31,160.083,1921,12,12,9.55,ok,2026-09-13T04:06:57.527737+00:00,https://wikimedia.org/api/rest_v1/metrics/pageviews/per-article/en.wikipedia.org/all-access/user/Suncheon_Bay_Ecological_Park/monthly/2025090100/2026083100,
Jeollanam-do,Boseong Green Tea Fields,Boseong_County,linked article; may describe a wider area,en.wikipedia.org,all-access,user,2025-09-01,2026-08-31,440.417,5285,12,12,24.33,ok,2026-09-13T04:06:58.186985+00:00,https://wikimedia.org/api/rest_v1/metrics/pageviews/per-article/en.wikipedia.org/all-access/user/Boseong_County/monthly/2025090100/2026083100,
Jeollanam-do,Damyang Juknokwon,Damyang_County,linked article; may describe a wider area,en.wikipedia.org,all-access,user,2025-09-01,2026-08-31,360.667,4328,12,12,21.41,ok,2026-09-13T04:06:58.892065+00:00,https://wikimedia.org/api/rest_v1/metrics/pageviews/per-article/en.wikipedia.org/all-access/user/Damyang_County/monthly/2025090100/2026083100,
Jeollanam-do,Naganeupseong Folk Village,Naganeupseong,linked article; may describe a wider area,en.wikipedia.org,all-access,user,2025-09-01,2026-08-31,315.25,3783,12,12,19.44,ok,2026-09-13T04:06:59.619419+00:00,https://wikimedia.org/api/rest_v1/metrics/pageviews/per-article/en.wikipedia.org/all-access/user/Naganeupseong/monthly/2025090100/2026083100,
Jeollanam-do,Yeosu,Yeosu,linked article; may describe a wider area,en.wikipedia.org,all-access,user,2025-09-01,2026-08-31,2290.083,27481,12,12,48.48,ok,2026-09-13T04:07:00.298598+00:00,https://wikimedia.org/api/rest_v1/metrics/pageviews/per-article/en.wikipedia.org/all-access/user/Yeosu/monthly/2025090100/2026083100,
Gyeongsangbuk-do,Gyeongju Historic Area,Gyeongju,linked article; may describe a wider area,en.wikipedia.org,all-access,user,2025-09-01,2026-08-31,11310.333,135724,12,12,71.89,ok,2026-09-13T04:07:00.972966+00:00,https://wikimedia.org/api/rest_v1/metrics/pageviews/per-article/en.wikipedia.org/all-access/user/Gyeongju/monthly/2025090100/2026083100,
Gyeongsangbuk-do,Hahoe Folk Village,Hahoe_Folk_Village,linked article; may describe a wider area,en.wikipedia.org,all-access,user,2025-09-01,2026-08-31,1081.917,12983,12,12,37.49,ok,2026-09-13T04:07:01.919397+00:00,https://wikimedia.org/api/rest_v1/metrics/pageviews/per-article/en.wikipedia.org/all-access/user/Hahoe_Folk_Village/monthly/2025090100/2026083100,
Gyeongsangbuk-do,POSCO Pohang Steelworks,,linked article; may describe a wider area,en.wikipedia.org,all-access,user,2025-09-01,2026-08-31,,,,12,,no_wikipedia_article,,,
Gyeongsangbuk-do,Yangdong Folk Village,,linked article; may describe a wider area,en.wikipedia.org,all-access,user,2025-09-01,2026-08-31,,,,12,,no_wikipedia_article,,,
Gyeongsangnam-do,Tongyeong,Tongyeong,linked article; may describe a wider area,en.wikipedia.org,all-access,user,2025-09-01,2026-08-31,1503.5,18042,12,12,42.31,ok,2026-09-13T04:07:02.662731+00:00,https://wikimedia.org/api/rest_v1/metrics/pageviews/per-article/en.wikipedia.org/all-access/user/Tongyeong/monthly/2025090100/2026083100,
Gyeongsangnam-do,Jinju,Jinju,linked article; may describe a wider area,en.wikipedia.org,all-access,user,2025-09-01,2026-08-31,2039.0,24468,12,12,46.77,ok,2026-09-13T04:07:03.366765+00:00,https://wikimedia.org/api/rest_v1/metrics/pageviews/per-article/en.wikipedia.org/all-access/user/Jinju/monthly/2025090100/2026083100,
Gyeongsangnam-do,Hanwha Ocean Geoje Shipyard,,linked article; may describe a wider area,en.wikipedia.org,all-access,user,2025-09-01,2026-08-31,,,,12,,no_wikipedia_article,,,
Gyeongsangnam-do,Haegeumgang,,linked article; may describe a wider area,en.wikipedia.org,all-access,user,2025-09-01,2026-08-31,,,,12,,no_wikipedia_article,,,
Jeju-do,Hallasan,Hallasan,linked article; may describe a wider area,en.wikipedia.org,all-access,user,2025-09-01,2026-08-31,4717.5,56610,12,12,59.07,ok,2026-09-13T04:07:04.071883+00:00,https://wikimedia.org/api/rest_v1/metrics/pageviews/per-article/en.wikipedia.org/all-access/user/Hallasan/monthly/2025090100/2026083100,
Jeju-do,Seongsan Ilchulbong,Seongsan_Ilchulbong,linked article; may describe a wider area,en.wikipedia.org,all-access,user,2025-09-01,2026-08-31,3250.583,39007,12,12,53.61,ok,2026-09-13T04:07:04.935722+00:00,https://wikimedia.org/api/rest_v1/metrics/pageviews/per-article/en.wikipedia.org/all-access/user/Seongsan_Ilchulbong/monthly/2025090100/2026083100,
Jeju-do,Jeju City,Jeju_City,linked article; may describe a wider area,en.wikipedia.org,all-access,user,2025-09-01,2026-08-31,6371.0,76452,12,12,63.47,ok,2026-09-13T04:07:05.605412+00:00,https://wikimedia.org/api/rest_v1/metrics/pageviews/per-article/en.wikipedia.org/all-access/user/Jeju_City/monthly/2025090100/2026083100,
Jeju-do,Seongeup Folk Village,Seongeup_Folk_Village,linked article; may describe a wider area,en.wikipedia.org,all-access,user,2025-09-01,2026-08-31,322.75,3873,12,12,19.78,ok,2026-09-13T04:07:06.649813+00:00,https://wikimedia.org/api/rest_v1/metrics/pageviews/per-article/en.wikipedia.org/all-access/user/Seongeup_Folk_Village/monthly/2025090100/2026083100,
Jeju-do,Manjanggul Cave,Manjanggul,linked article; may describe a wider area,en.wikipedia.org,all-access,user,2025-09-01,2026-08-31,530.083,6361,12,12,27.04,ok,2026-09-13T04:07:07.311412+00:00,https://wikimedia.org/api/rest_v1/metrics/pageviews/per-article/en.wikipedia.org/all-access/user/Manjanggul/monthly/2025090100/2026083100,
