region,place_name,mood_score,type,instrumentation,character_short,narrative,photo_artist,photo_license,maps_url
Seoul,Hongdae,0.94,Youth & arts district,"K-indie basslines, warehouse techno, street busker guitar",a packed university nightlife district with buskers and pop-up galleries at midnight,"The nightlife heart of Seoul's university district, centered on Hongik University and known since the 1990s for its indie-music clubs, street busking, and underground art scene. Streets fill with pop-up galleries and live performers from evening into the small hours, giving it a dense, youth-driven energy distinct from the rest of the city.",U0894629,CC BY-SA 4.0,https://www.google.com/maps/search/?api=1&query=Hongdae%2C%20Seoul%2C%20South%20Korea
Seoul,Gyeongbokgung Palace,0.22,Historic royal palace,"ceremonial court music, stone courtyard reverb, temple bell","a 14th-century royal palace at dawn, guards changing in ceremonial silence","The principal royal palace of the Joseon Dynasty, construction began in 1395 under King Taejo shortly after Seoul became the capital. The daily changing-of-the-guard ceremony and the palace's stone courtyards give it a formal, ceremonial stillness in the middle of a dense modern city.",,,https://www.google.com/maps/search/?api=1&query=Gyeongbokgung%20Palace%2C%20Seoul%2C%20South%20Korea
Seoul,Gangnam,0.9,Luxury & business hub,"glossy K-pop synth-pop, sidechain-pumped bass, glass-tower shimmer",a glittering high-rise district of designer boutiques and rooftop bars,"Seoul's glass-tower business and luxury-retail district, globally known since the 2012 song of the same name, built around wide boulevards, designer flagship stores, and Coex Mall. It reads as polished, fast-paced, and unmistakably wealthy compared to the historic core just north of the river.",,,https://www.google.com/maps/search/?api=1&query=Gangnam%2C%20Seoul%2C%20South%20Korea
Seoul,Bukchon Hanok Village,0.18,Traditional hanok village,"solo daegeum flute, dawn stillness, wooden windchime",a 600-year-old hillside village of traditional wooden houses at sunrise,"A hillside neighborhood of traditional hanok houses between Gyeongbokgung and Changdeokgung palaces, continuously inhabited for roughly six centuries. Narrow alleys and tiled rooflines make it one of Seoul's few places where the pre-modern city is still legible at street level.",,,https://www.google.com/maps/search/?api=1&query=Bukchon%20Hanok%20Village%2C%20Seoul%2C%20South%20Korea
Seoul,N Seoul Tower,0.55,Mountain-top observation tower,"twinkling glockenspiel, distant city hum, cable-car cable creak","a mountaintop tower over the whole skyline at night, love-locks glinting on the railing","A 236-meter communications and observation tower atop Namsan mountain, completed in 1969 and opened to the public in 1980, now one of Seoul's most recognizable landmarks. Thousands of padlocks left by couples on its terrace fences have made it a well-known symbolic site for relationships in the city.",,,https://www.google.com/maps/search/?api=1&query=N%20Seoul%20Tower%2C%20Seoul%2C%20South%20Korea
Seoul,Dongdaemun Design Plaza,0.78,Futuristic design landmark,"sleek electronic pulse, LED-panel shimmer, fashion-week footsteps",a curving titanium spaceship of a building hosting fashion shows and light-art festivals,"A neo-futurist exhibition and design complex designed by Zaha Hadid, opened in 2014 on the site of a former stadium and historic market area. Its curved, seamless steel-and-concrete form stands in deliberate contrast to the surrounding wholesale-fashion district it sits within.",Eugene Lim,CC BY 2.0,https://www.google.com/maps/search/?api=1&query=Dongdaemun%20Design%20Plaza%2C%20Seoul%2C%20South%20Korea
Busan,Haeundae Beach,0.8,Beach & resort strip,"summer house music, seagulls, boardwalk crowd hum",Korea's most famous beach backed by glittering resort towers in high summer,"Korea's most famous urban beach, backed by a dense skyline of high-rise resort towers, drawing enormous summer crowds along roughly 1.5km of sand. It is the clearest single symbol of Busan's identity as a beach city that is also a major metropolis.",,,https://www.google.com/maps/search/?api=1&query=Haeundae%20Beach%2C%20Busan%2C%20South%20Korea
Busan,Gamcheon Culture Village,0.55,Hillside art village,"lo-fi hip-hop, wind chimes, hillside echo","a pastel hillside village stacked like a Korean Cinque Terre, murals on every wall","A hillside neighborhood of pastel-colored houses built by war refugees in the 1950s, later revitalized as a public art project starting in 2009 and now often compared to a Korean Santorini or Cinque Terre. Murals, sculptures, and small galleries are woven directly into the still-residential streets.",,,https://www.google.com/maps/search/?api=1&query=Gamcheon%20Culture%20Village%2C%20Busan%2C%20South%20Korea
Busan,Jagalchi Market,0.68,Fish market & harbor,"vendor calls, gull cries, harbor engine drone, brass","Korea's largest seafood market, boats unloading at dawn, vendors shouting prices","Korea's largest seafood market, active on the Busan waterfront since the aftermath of the Korean War, where vendors sell live catch straight off fishing boats each morning. The building itself, rebuilt several times, remains a working market rather than a tourist reconstruction.",,,https://www.google.com/maps/search/?api=1&query=Jagalchi%20Market%2C%20Busan%2C%20South%20Korea
Busan,Taejongdae,0.35,Cliffside coastal park,"crashing waves, seabird cry, lighthouse foghorn","sheer cliffs dropping into the sea, a lighthouse at the end of a pine-forest trail","A cliffside park at Busan's southern tip where a lighthouse trail runs along dramatic sea cliffs dropping straight into the water, with a small train looping visitors through pine forest. It is one of the calmest, least urban corners of an otherwise dense port city.",*intacto,CC BY 2.0,https://www.google.com/maps/search/?api=1&query=Taejongdae%2C%20Busan%2C%20South%20Korea
Busan,BIFF Square,0.82,Cinema & street-food district,"sizzling street-food grill, film-reel clatter, neon marquee hum","Busan's original film-festival district, street-food stalls sizzling under movie-star handprints","The Nampo-dong plaza that gave the Busan International Film Festival its name before the festival's main venues moved elsewhere; today it's a dense street-food and cinema district with handprints of past festival guests set into the pavement. It carries the city's film-industry identity at street level, independent of the festival's official venues.",Ken Eckert,CC BY-SA 4.0,https://www.google.com/maps/search/?api=1&query=BIFF%20Square%20Nampo-dong%2C%20Busan%2C%20South%20Korea
Daegu,Seomun Market,0.72,Traditional night market,"sizzling street-food percussion, festival drum, crowd chatter",a 500-year-old night market of sizzling street food and lantern-lit stalls,"One of Korea's three great traditional markets, trading on this site in some form for roughly 500 years, today known for its night-market food stalls and dense maze of textile and general-goods shops. It reflects Daegu's historic identity as a market and textile city more directly than almost any other single site.",대구광역시,CC BY-SA 4.0,https://www.google.com/maps/search/?api=1&query=Seomun%20Market%2C%20Daegu%2C%20South%20Korea
Daegu,Apsan Park,0.3,Mountain park & cable car,"acoustic guitar, cicada drone, mountain wind","a forested mountain park overlooking the city, cable cars gliding through pines","A forested mountain park on Daegu's southern edge, reached by cable car, offering panoramic views over the entire city basin. It functions as the city's main escape into quiet, forested terrain without leaving the metropolitan area.",,CC BY-SA 3.0,https://www.google.com/maps/search/?api=1&query=Apsan%20Park%2C%20Daegu%2C%20South%20Korea
Daegu,Donghwasa Temple,0.14,Mountain Buddhist temple,"temple bell, monk chant, pine-forest hush","a mountain temple guarded by a towering stone Buddha, incense drifting through pine trees","A major Buddhist temple on Palgongsan mountain founded in the Silla period, home to a towering modern stone Buddha statue completed in the 1990s. Incense and pine forest give the approach a slow, meditative pace distinct from the city below.",by martinroell,CC BY-SA 2.0,https://www.google.com/maps/search/?api=1&query=Donghwasa%20Temple%2C%20Daegu%2C%20South%20Korea
Daegu,E-World & Duryu Park,0.75,Amusement park & night tower,"carnival ride chime, pop-fireworks crackle, Ferris-wheel motor hum",an amusement park lighting up at dusk beneath a spinning observation tower,"An amusement park and adjoining public park in central Daegu, home to the 202-meter Duryu Tower and, seasonally, a large cherry-blossom and light-festival display. It is Daegu's main concentrated site for organized entertainment and nightlife lighting.",대구광역시,CC BY 4.0,https://www.google.com/maps/search/?api=1&query=E-World%20Duryu%20Park%2C%20Daegu%2C%20South%20Korea
Incheon,Incheon Chinatown,0.66,Historic Chinatown,"Chinese brass ensemble, sizzling wok percussion, harbor bell","Korea's oldest Chinatown, red lanterns and the smell of jjajangmyeon at dusk","Korea's only official Chinatown, established in 1884 the year after Incheon's port opened to international trade, once home to over 10,000 Chinese residents. It is the acknowledged birthplace of jjajangmyeon, the black-bean noodle dish now eaten nationwide.",,,https://www.google.com/maps/search/?api=1&query=Incheon%20Chinatown%2C%20Incheon%2C%20South%20Korea
Incheon,Songdo Central Park,0.58,Futuristic waterfront district,"glassy ambient synth, canal water lapping, distant traffic hum",a brand-new planned city of glass towers and seawater canals,"The central green space of Songdo International Business District, a smart city built from reclaimed land starting in 2003, with a seawater canal running through landscaped grounds beside glass office towers. It represents a deliberately engineered, 21st-century counterpoint to Incheon's 19th-century port district.",,,https://www.google.com/maps/search/?api=1&query=Songdo%20Central%20Park%2C%20Incheon%2C%20South%20Korea
Incheon,Wolmido,0.5,Amusement pier,"carnival calliope, seagulls, tide bell",an old-fashioned seaside amusement pier with a ferris wheel at sunset,"A small seaside peninsula and old amusement district facing Incheon's inner harbor, long popular for its ferris wheel, seafood restaurants, and sunset views over the water. It carries an older, slightly faded carnival character compared to the newer developments elsewhere in the city.",Goodwillgames,CC BY-SA 4.0,https://www.google.com/maps/search/?api=1&query=Wolmido%2C%20Incheon%2C%20South%20Korea
Incheon,Ganghwa Dolmen Site,0.1,UNESCO prehistoric megalith site,"stone-on-stone resonance, open-field wind, distant crow call","5,000-year-old stone tombs standing alone in open farmland, older than the pyramids","A UNESCO World Heritage cluster of prehistoric dolmens on Ganghwa Island, among the largest concentrations of megalithic tombs in the world, dating back roughly 2,000-3,000 years. The site sits in quiet farmland, a sharp contrast to Incheon's industrial and commercial core nearby.",ChongDae,CC BY-SA 3.0,https://www.google.com/maps/search/?api=1&query=Ganghwa%20Dolmen%20Site%2C%20Incheon%2C%20South%20Korea
Incheon,Jayu Park,0.42,Historic hilltop memorial park,"brass memorial fanfare, harbor foghorn, park-bench quiet",a hilltop war-memorial park overlooking the harbor where the Incheon Landing began,"Korea's first Western-style public park, opened in 1888 on a hill overlooking Incheon's harbor, home to a statue of General Douglas MacArthur commemorating the 1950 Incheon Landing. Its hilltop position gives sweeping views over the port that shaped the city's modern history.",Mobius6,CC BY-SA 4.0,https://www.google.com/maps/search/?api=1&query=Jayu%20Park%2C%20Incheon%2C%20South%20Korea
Gwangju,Mudeungsan National Park,0.15,Granite-peak national park,"solo daegeum, pine wind, distant temple bell","a granite-peaked mountain sacred to the city, pine forest and quiet trails","A granite-peaked mountain overlooking Gwangju, considered sacred to the city and designated a national park in 2013, laced with pine forest and quiet hiking trails. It offers the clearest contrast in the region between Gwangju's dense urban core and untouched nature just beyond it.",gary4now,CC BY 3.0,https://www.google.com/maps/search/?api=1&query=Mudeungsan%20National%20Park%2C%20Gwangju%2C%20South%20Korea
Gwangju,Yangnim-dong,0.38,Historic art & missionary quarter,"muted trumpet, rain on tile roofs, sparse piano",a century-old hillside quarter of missionary houses turned into galleries,"A hillside neighborhood built up by Western missionaries from the early 1900s, its early-20th-century houses and mission buildings now repurposed as galleries and cafes. The area preserves a distinct layer of Gwangju's history not found in its more purely Korean historic districts.",ASDFGHJ (talk),CC BY-SA 2.0,https://www.google.com/maps/search/?api=1&query=Yangnim-dong%2C%20Gwangju%2C%20South%20Korea
Gwangju,Kia AutoLand Gwangju,0.68,Automobile assembly plant,"robotic-arm servo whine, conveyor-belt clank, assembly-line rhythm",a car rolling off the line every few seconds inside a vast automated assembly plant,"Kia's major manufacturing complex in Gwangju, one of the region's largest employers, producing SUVs and other models for both domestic and export markets on a large integrated assembly campus. It anchors Gwangju's identity as an industrial as well as a cultural and historical city.",Neoalpha,CC0,https://www.google.com/maps/search/?api=1&query=Kia%20AutoLand%20Gwangju%2C%20South%20Korea
Gwangju,5.18 National Cemetery,0.08,Democracy memorial cemetery,"solo funeral bell, wind through pines, quiet marble hush","the memorial cemetery for Korea's 1980 pro-democracy uprising, solemn rows of white headstones","The official memorial cemetery for civilians killed during the May 1980 Gwangju Uprising, when a pro-democracy protest was suppressed by military force. Rows of white headstones and a solemn memorial hall make it Korea's central site for remembering the event that helped shape the country's democratic transition.",Salamander724,Public domain,https://www.google.com/maps/search/?api=1&query=5.18%20National%20Cemetery%2C%20Gwangju%2C%20South%20Korea
Daejeon,Yuseong Hot Springs,0.35,Hot spring resort district,"steam hiss, soft vibraphone, warm pad drone",a centuries-old hot spring resort town wrapped in mineral steam,"A hot-spring resort district in Daejeon with a documented history stretching back centuries, long used as a place of rest and recovery. Steam rising from mineral baths gives the neighborhood a slower, warmer character than the research-driven districts elsewhere in the city.",,CC BY-SA 3.0,https://www.google.com/maps/search/?api=1&query=Yuseong%20Hot%20Springs%2C%20Daejeon%2C%20South%20Korea
Daejeon,Hanbat Arboretum,0.22,Botanical arboretum,"birdsong, koto-like pluck, leaf rustle",a quiet botanical garden in the middle of the science city,"A large botanical garden in central Daejeon, one of the biggest urban arboretums in Korea, with themed gardens and greenhouses spread across a quiet, tree-lined campus. It functions as a deliberate green counterweight to the science-and-technology identity that otherwise defines the city.",,,https://www.google.com/maps/search/?api=1&query=Hanbat%20Arboretum%2C%20Daejeon%2C%20South%20Korea
Daejeon,Daedeok Innopolis,0.5,National research & science district,"server-room hum, cleanroom whir, quiet lab keyboard clatter","Korea's largest research cluster, satellite labs and robotics institutes humming quietly behind glass","Korea's designated national science-research cluster, established from Daedeok Science Town (approved 1973), now home to KAIST and over half the country's public research institutes. It is the concrete, campus-like embodiment of Daejeon's self-image as Korea's science capital.",Yoshi Canopus,CC BY-SA 3.0,https://www.google.com/maps/search/?api=1&query=Daedeok%20Innopolis%2C%20Daejeon%2C%20South%20Korea
Daejeon,Expo Park & Hanbit Tower,0.6,Former World's Fair park,"retro-futuristic synth chime, fountain splash, science-museum ambience","the leftover grounds of Korea's 1993 World Expo, a golden tower rising over fountains","The former site of Expo '93, Daejeon's 1993 World's Fair themed around ""The Challenge of a New Road to Development,"" anchored by the futuristic Hanbit Tower. The park preserves a snapshot of 1990s techno-optimism that still defines part of the city's public identity.",Brücke-Osteuropa,CC0,https://www.google.com/maps/search/?api=1&query=Expo%20Park%20Hanbit%20Tower%2C%20Daejeon%2C%20South%20Korea
Ulsan,Taehwagang River Park,0.4,Riverside bamboo park,"bamboo wind chime, river flow, soft flute","the world's largest riverside bamboo forest, cutting through an industrial city","A riverside park through central Ulsan built around what is described as the world's largest riverside bamboo forest, offering a green corridor through an otherwise heavily industrial city. Bamboo groves and river paths give it a markedly calmer character than the shipyards a short distance away.",,,https://www.google.com/maps/search/?api=1&query=Taehwagang%20River%20Park%2C%20Ulsan%2C%20South%20Korea
Ulsan,Ganjeolgot,0.45,Sunrise cape & lighthouse,"ocean swell, lighthouse foghorn drone, gull cry","mainland Korea's easternmost point, first sunrise of the year over open ocean","Mainland Korea's easternmost point, marked by a lighthouse and famous as one of the first places in the country to see the New Year's sunrise. Open ocean views and a coastal park make it a naturally quiet counterpoint to Ulsan's industrial economy.",Choi2451,CC BY-SA 4.0,https://www.google.com/maps/search/?api=1&query=Ganjeolgot%2C%20Ulsan%2C%20South%20Korea
Ulsan,Hyundai Motor Ulsan Plant,0.72,World's largest car-assembly plant,"stamping-press thud, welding-robot spark crackle, dockside crane hum","the world's largest single automobile plant, five factories producing a car every few seconds","The world's largest single automobile assembly plant complex, established in 1968, spanning roughly 5,000,000 square meters across five integrated factories with an annual capacity of over a million vehicles. It is the single largest concrete expression of Ulsan's identity as Korea's industrial capital.",User: Anonyme,CC BY 2.5,https://www.google.com/maps/search/?api=1&query=Hyundai%20Motor%20Ulsan%20Plant%2C%20South%20Korea
Ulsan,Hyundai Heavy Industries Shipyard,0.66,Megaship shipyard,"Goliath-crane groan, steel-plate welding hiss, dry-dock horn blast","a shipyard building some of the largest vessels on Earth, cranes the size of skyscrapers","The world's largest shipyard, built along roughly 4km of Ulsan's coastline, capable of constructing some of the largest vessels ever built by a single yard. Cranes, dry docks, and constant welding and fabrication activity define the sound and scale of this stretch of coast.",SarahTz,CC BY 2.0,https://www.google.com/maps/search/?api=1&query=Hyundai%20Heavy%20Industries%20Shipyard%2C%20Ulsan%2C%20South%20Korea
Sejongsi,Sejong Lake Park,0.32,Lakeside planned-city park,"minimalist synth pad, water ripple, distant construction hum",a brand-new artificial lake park at the heart of Korea's planned administrative capital,"An artificial lake park at the center of Sejong, South Korea's newest planned administrative capital, built as green infrastructure alongside the government complex rather than added after the fact. Its deliberate, still-young landscaping reflects a city built garden-first.",,,https://www.google.com/maps/search/?api=1&query=Sejong%20Lake%20Park%2C%20Sejong%2C%20South%20Korea
Sejongsi,Geumgang Riverside,0.28,River promenade,"acoustic fingerstyle guitar, river current, evening cricket",a quiet riverside promenade at dusk in Korea's newest city,"A riverside promenade along the Geum River running through Sejong, offering a quiet walking and cycling corridor in a city still filling in around it. The relative emptiness compared to older Korean cities is itself characteristic of Sejong's newness.",Minseong Kim,CC BY-SA 4.0,https://www.google.com/maps/search/?api=1&query=Geumgang%20Riverside%2C%20Sejong%2C%20South%20Korea
Sejongsi,Government Complex Sejong,0.45,National government complex,"quiet corridor echo, rooftop-garden breeze, official footsteps",a decentralized government complex with the world's longest rooftop garden connecting 15 ministries,"The seat of roughly three dozen Korean government ministries, relocated from Seoul starting in 2012, topped by a Guinness World Record-holding 3.6km rooftop garden spanning multiple buildings. It is the literal administrative reason Sejong exists as a city at all.",*Youngjin,CC BY-SA 3.0,https://www.google.com/maps/search/?api=1&query=Government%20Complex%20Sejong%2C%20South%20Korea
Gyeonggi-do,Suwon Hwaseong Fortress,0.42,UNESCO fortress,"martial drum, brass fanfare, stone-wall echo",an 18th-century UNESCO fortress wall you can walk the full 5.7km circuit of,"An 18th-century UNESCO World Heritage fortress wall encircling Suwon's old town for roughly 5.7km, built during the reign of King Jeongjo and still fully walkable today. It makes Suwon the only remaining completely walled city in South Korea.",,,https://www.google.com/maps/search/?api=1&query=Suwon%20Hwaseong%20Fortress%2C%20Gyeonggi-do%2C%20South%20Korea
Gyeonggi-do,Nami Island,0.35,Scenic river island,"acoustic guitar, birdsong, tree-lined breeze",a crescent-shaped river island famous for its tree-lined autumn paths,"A crescent-shaped river island known for its long, symmetrical tree-lined paths, especially famous for autumn foliage and as a filming location for a well-known Korean drama. Its car-free, park-like layout gives it a deliberately romantic, unhurried atmosphere.",,CC BY-SA 3.0,https://www.google.com/maps/search/?api=1&query=Nami%20Island%2C%20Gyeonggi-do%2C%20South%20Korea
Gyeonggi-do,Paju Book City,0.3,Architectural book town,"minimalist piano, paper rustle, concrete reverb",a planned town built entirely around publishing houses and bookshops,"A planned publishing town north of Seoul purpose-built around Korea's book industry, housing publishing houses, printing facilities, and bookshop-cafes in architecturally distinct buildings. It is one of the few urban areas in Korea organized entirely around a single cultural industry.",Ccmontgom,CC BY-SA 3.0,https://www.google.com/maps/search/?api=1&query=Paju%20Book%20City%2C%20Gyeonggi-do%2C%20South%20Korea
Gyeonggi-do,Samsung Digital City,0.7,Global tech HQ campus,"cleanroom hum, glass-elevator chime, semiconductor-fab whir","Samsung Electronics' 390-acre headquarters campus, 35,000 engineers working behind glass towers","Samsung Electronics' primary headquarters and R&D campus in Suwon, spanning roughly 390 acres with tens of thousands of employees across dozens of office and lab buildings. Since the company's 1969 founding in Suwon, it has grown into one of the most consequential technology addresses in the world.",Oskar Alexanderson,CC BY-SA 2.0,https://www.google.com/maps/search/?api=1&query=Samsung%20Digital%20City%2C%20Suwon%2C%20South%20Korea
Gyeonggi-do,Korean Folk Village,0.3,Recreated Joseon-era village,"farmer's percussion band, tightrope-walker gasp, thatched-roof wind",a recreated Joseon-dynasty village with 260 relocated houses and live folk performances,"A large open-air museum in Yongin recreating a late-Joseon-era village with over 260 relocated and reconstructed traditional houses, organized by region and social class. Unlike a genuine historic village, it is built specifically for visitors, with daily performances and craft demonstrations rather than resident life.",Isaac Crumm at English Wikipedia,Public domain,https://www.google.com/maps/search/?api=1&query=Korean%20Folk%20Village%2C%20Yongin%2C%20South%20Korea
Gangwon,Seoraksan National Park,0.08,National park,"solo cello, alpine wind, sparse piano","Korea's most dramatic granite peaks, glowing at sunrise above cloud forest","Home to some of Korea's most dramatic granite peaks and considered the country's finest for autumn foliage, with trails ranging from short walks to serious alpine hikes. Cloud forest and exposed rock faces give it a rugged, elemental character distinct from Korea's gentler inland mountains.",,,https://www.google.com/maps/search/?api=1&query=Seoraksan%20National%20Park%2C%20Gangwon-do%2C%20South%20Korea
Gangwon,Gangneung,0.5,Coastal coffee city,"lo-fi coffee-shop beat, ocean ambience, indie guitar","Korea's coffee capital, cafes lining a pine-backed beach","A coastal city on Gangwon's east coast known nationally as Korea's coffee capital, with cafes lined along a pine-backed beach, alongside the UNESCO-recognized Gangneung Danoje Festival held each June. It blends a slow, cafe-culture pace with deep traditional-ritual roots.",Mobius6,CC BY-SA 4.0,https://www.google.com/maps/search/?api=1&query=Gangneung%2C%20Gangwon-do%2C%20South%20Korea
Gangwon,Chuncheon,0.4,Lake city,"acoustic mandolin, lake ripple, chalkboard-cafe hum",a lake-ringed city famous for grilled chicken and slow afternoons on the water,"A lake-ringed city famous for dak-galbi (spicy grilled chicken) and for slow afternoons spent on the water, with Uiam Lake and Soyang Lake bordering much of the urban area. Its identity leans toward relaxed, food-and-water leisure rather than fast urban energy.",,,https://www.google.com/maps/search/?api=1&query=Chuncheon%2C%20Gangwon-do%2C%20South%20Korea
Gangwon,Woljeongsa & Odaesan,0.1,Mountain temple & national park,"fir-forest hush, temple wind chime, stone pagoda stillness",a nine-story stone pagoda in a fir forest at the foot of Odaesan's highest peaks,"A nine-story stone pagoda and temple complex set in a fir forest at the base of Odaesan's high peaks, among Korea's most architecturally significant surviving Buddhist sites. The dense fir forest surrounding it creates an unusually hushed approach even by temple standards.","(c)한국불교문화사업단, culturalcorpsofkoreanbuddhism",CC BY-SA 4.0,https://www.google.com/maps/search/?api=1&query=Woljeongsa%20Temple%20Odaesan%2C%20Gangwon-do%2C%20South%20Korea
Gangwon,Cheorwon Peace Observatory,0.2,DMZ border observatory,"monorail motor whir, wind over open plain, distant binocular click",an observatory looking straight into the DMZ and a North Korean propaganda village beyond,"An observation post near the DMZ in Gangwon's north, offering views into the demilitarized zone and, on clear days, into North Korean territory. Its subject matter gives it a solemn, historically weighted character unlike anywhere else on this list.",U.S. Army EIGHTHARMY by Pfc. Yun Hyuk Kim,Public domain,https://www.google.com/maps/search/?api=1&query=Cheorwon%20Peace%20Observatory%2C%20Gangwon-do%2C%20South%20Korea
Chungcheongbuk-do,Danyang,0.25,River valley & limestone peaks,"folk guitar, light percussion, flowing water","a river valley threading between limestone peaks, kayaked at golden hour","A river-valley town where the Namhan River threads between limestone peaks, popular for kayaking and scenic cruises at golden hour. Its geology, similar in spirit to Chinese scroll-painting landscapes, makes it one of the more visually distinctive inland towns in Korea.",Steve46814,CC BY-SA 3.0,https://www.google.com/maps/search/?api=1&query=Danyang%2C%20Chungcheongbuk-do%2C%20South%20Korea
Chungcheongbuk-do,Songnisan National Park,0.12,Mountain Buddhist temple,"wooden moktak percussion, chanting, forest silence",a mountain temple valley so quiet you can hear pine needles fall,"A mountain temple valley home to Beopjusa, one of Korea's most important Buddhist temples, set among peaks quiet enough that falling pine needles are audible. It anchors Chungcheongbuk-do's reputation for temple stillness alongside its river valleys.",,,https://www.google.com/maps/search/?api=1&query=Songnisan%20National%20Park%2C%20Chungcheongbuk-do%2C%20South%20Korea
Chungcheongbuk-do,SK Hynix Cheongju Campus,0.68,Semiconductor fabrication campus,"cleanroom air-filter hum, silicon-wafer chime, fab-line drone","a sprawling memory-chip fabrication campus, cleanrooms manufacturing the world's DRAM","A major semiconductor manufacturing complex in Cheongju producing memory chips including HBM for AI applications, backed by a 15.5 trillion won expansion of the surrounding Cheongju Technopolis. It represents Chungcheongbuk-do's rapid pivot from a purely agricultural economy toward advanced manufacturing.",,,https://www.google.com/maps/search/?api=1&query=SK%20Hynix%20Cheongju%20Campus%2C%20South%20Korea
Chungcheongbuk-do,Chungju Lake,0.32,Mountain reservoir lake,"boat-engine putter, lake ripple, valley echo","a vast reservoir threading through steep valleys, cruise boats crossing calm water","A large reservoir threading through steep valleys in northern Chungcheongbuk-do, used for cruise boats and water recreation across calm, wide water. Its scale and the surrounding hills give it a more expansive, open feel than the province's narrower river valleys.","Jared Broad from Auckland, New Zealand",CC BY 2.0,https://www.google.com/maps/search/?api=1&query=Chungju%20Lake%2C%20Chungcheongbuk-do%2C%20South%20Korea
Chungcheongnam-do,Buyeo,0.18,Ancient Baekje capital ruins,"gayageum, temple bell, river mist ambience","the last capital of the Baekje kingdom, ruins wrapped in river mist","The last capital of the Baekje Kingdom (as Sabi, 538-660 CE), its ruins wrapped in river mist along the Geum River and now part of the UNESCO-listed Baekje Historic Areas. It preserves the memory of a kingdom whose art and architecture influenced early Japan.",,,https://www.google.com/maps/search/?api=1&query=Buyeo%2C%20Chungcheongnam-do%2C%20South%20Korea
Chungcheongnam-do,Taean Beach,0.42,West-coast tidal beach,"tide wash, seagulls, mellow acoustic guitar",a wide tidal-flat beach on the west coast at low tide,"A wide tidal-flat beach on Chungcheongnam-do's west coast, part of Taeanhaean National Park, exposing broad flats at low tide favored for shellfish gathering and coastal walks. Its gentle, shifting shoreline contrasts with the rockier coasts found elsewhere in Korea.",,,https://www.google.com/maps/search/?api=1&query=Taean%20Beach%2C%20Chungcheongnam-do%2C%20South%20Korea
Chungcheongnam-do,Hyundai Motor Asan Plant,0.68,Automobile assembly plant,"press-line stamping thud, paint-booth mist hiss, engine-line torque wrench","a 300,000-car-a-year assembly plant building Sonatas and electric IONIQs","A Hyundai Motor manufacturing plant operating since 1996 with a capacity of roughly 300,000 vehicles a year, now producing electric IONIQ models. It sits a short distance from centuries-old heritage sites, making Asan one of the clearest old-meets-new pairings in this dataset.",,,https://www.google.com/maps/search/?api=1&query=Hyundai%20Motor%20Asan%20Plant%2C%20South%20Korea
Chungcheongnam-do,Oeam Folk Village,0.16,500-year-old hanok village,"thatched-roof wind rustle, stream trickle, wooden gate creak",a 500-year-old village of thatched and tiled hanok where residents still farm the land,"A roughly 500-year-old preserved yangban (noble-class) village in Asan, still arranged around its original stone walls and traditional houses. Unlike a reconstructed museum village, its layout reflects genuine continuous habitation by descendant families.",indytrucks (a flickr user),CC BY 2.0,https://www.google.com/maps/search/?api=1&query=Oeam%20Folk%20Village%2C%20Asan%2C%20South%20Korea
Jeollabuk-do,Jeonju Hanok Village,0.34,Traditional food village,"pansori vocals, gayageum, slow warmth","the hometown of bibimbap, hundreds of hanok guesthouses in one dense quarter","A dense quarter of over 800 traditional hanok houses in continuous use for roughly six centuries, and the UNESCO-recognized birthplace of bibimbap, distinguished locally by bean sprouts, sesame oil, and raw egg yolk. Daily hanji papermaking, fan-making, and calligraphy workshops keep the heritage active rather than static.",Bernard Gagnon,CC0,https://www.google.com/maps/search/?api=1&query=Jeonju%20Hanok%20Village%2C%20Jeollabuk-do%2C%20South%20Korea
Jeollabuk-do,Naejangsan National Park,0.15,Autumn-foliage national park,"solo daegeum, falling-leaf rustle, mountain stream",a mountain valley considered Korea's finest for autumn foliage,"A mountain valley widely considered Korea's finest destination for autumn foliage, drawing large crowds each October and November for its maple-lined trails. Outside peak season, the same valley reads as sparse and quiet, following a stream through otherwise still forest.",,,https://www.google.com/maps/search/?api=1&query=Naejangsan%20National%20Park%2C%20Jeollabuk-do%2C%20South%20Korea
Jeollabuk-do,Gunsan Modern History Street,0.4,Japanese colonial-era historic street,"old bank-vault echo, tram-bell ghost, retro film-reel flutter",a preserved 1920s colonial port street of Japanese banks and warehouses turned museums,"A preserved district of Japanese colonial-era buildings from Korea's 1900-1945 modern period, including a former Chosun Bank branch built in 1922, now organized as an open-air architecture museum. It documents a harder, more contested layer of Korean history than most heritage sites on this list.",홍성국강준현,CC BY-SA 3.0,https://www.google.com/maps/search/?api=1&query=Gunsan%20Modern%20History%20Street%2C%20South%20Korea
Jeollabuk-do,Muju Deogyusan Ski Resort,0.5,Ski resort & mountain gondola,"gondola cable hum, powder-snow crunch, alpine wind","Korea's alpine ski resort, a gondola climbing through Deogyusan's high mountain snow","A ski and mountain resort in Deogyusan National Park, one of Korea's higher-elevation winter sports destinations, with slopes and cable cars built into the surrounding peaks. It gives Jeollabuk-do a genuine winter-sport identity alongside its agricultural and culinary reputation.","Republic of  Korea from Seoul, Republic of Korea",CC BY-SA 2.0,https://www.google.com/maps/search/?api=1&query=Muju%20Deogyusan%20Ski%20Resort%2C%20South%20Korea
Jeollanam-do,Suncheon Bay,0.08,Wetland & reed marsh,"ambient wetland drone, solo oboe, bird calls","a vast tidal reed marsh at golden hour, cranes overhead","A vast tidal reed marsh and wetland ecological park, one of Korea's most significant protected coastal wetlands, drawing migratory cranes each winter. Golden-hour light across the reed beds makes it one of the most visually serene sites in this entire dataset.",Byeonggwan,Public domain,https://www.google.com/maps/search/?api=1&query=Suncheon%20Bay%2C%20Jeollanam-do%2C%20South%20Korea
Jeollanam-do,Boseong Green Tea Fields,0.2,Terraced tea plantation,"koto-like pluck, misty hush, distant rooster",terraced green tea fields disappearing into morning mist,"Korea's largest tea-growing area, cultivated since 1939, with terraced rows of tea bushes disappearing into morning mist and one of the country's longest-running festivals held each spring. The rhythmic geometry of the terraces gives it a distinctive, almost graphic landscape.",by Fred Ojardias,CC BY 2.0,https://www.google.com/maps/search/?api=1&query=Boseong%20Green%20Tea%20Fields%2C%20Jeollanam-do%2C%20South%20Korea
Jeollanam-do,Damyang Juknokwon,0.16,Bamboo grove,"bamboo wind chime, rustling leaves, soft flute",a dense bamboo forest with wind moving through it like static,"A dense bamboo forest park where wind moving through the tall stands produces a constant rustling, static-like sound throughout the grounds. It is one of the purest single-material landscapes in this dataset, built almost entirely around one plant.","UNC - CFC - USFK from Seoul, Republic of Korea",CC BY 2.0,https://www.google.com/maps/search/?api=1&query=Damyang%20Juknokwon%2C%20Jeollanam-do%2C%20South%20Korea
Jeollanam-do,Naganeupseong Folk Village,0.14,Living walled folk village,"straw-roof wind, well-bucket creak, farmyard rooster",a 600-year-old walled town still farmed by about 100 households behind stone ramparts,"A genuinely inhabited walled folk village dating to 1397, still home to roughly 100 households living in traditional straw-roofed hanok, unlike purpose-built museum villages elsewhere. Its stone walls and continuous residency have made it a favored filming location for historical Korean dramas.",Marco Schmidt [1],CC BY-SA 3.0,https://www.google.com/maps/search/?api=1&query=Naganeupseong%20Folk%20Village%2C%20Suncheon%2C%20South%20Korea
Jeollanam-do,Yeosu,0.62,Coastal night-view city,"cable-car pulley hum, harbor-light shimmer, night-market sizzle",a coastal city famous for its glittering night sea view and cross-harbor cable car,"A coastal city home to the world's largest single-site petrochemical complex, generating nearly half of Korea's national petrochemical output, alongside a scenic night skyline that hosted the 2012 World Expo. It pairs heavy industry directly against a genuinely popular tourist waterfront.",Glabb,Public domain,https://www.google.com/maps/search/?api=1&query=Yeosu%2C%20South%20Korea
Gyeongsangbuk-do,Gyeongju Historic Area,0.2,Ancient Silla capital,"gayageum, slow strings, temple bells","a 1,000-year former capital where royal burial mounds rise from the city itself","The former capital of the Silla Kingdom for nearly a thousand years (57 BCE-935 CE), its UNESCO-listed historic areas include Bulguksa Temple, Seokguram Grotto, and Cheomseongdae, Asia's oldest surviving astronomical observatory. Royal burial mounds rising directly within the modern city make Gyeongju function as a living museum rather than a fenced-off site.",Kyoww (montage),CC BY-SA 4.0,https://www.google.com/maps/search/?api=1&query=Gyeongju%20Historic%20Area%2C%20Gyeongsangbuk-do%2C%20South%20Korea
Gyeongsangbuk-do,Hahoe Folk Village,0.24,UNESCO folk village,"mask-dance drum, courtyard echo, wooden clack",a horseshoe-river folk village famous for traditional mask-dance drama,"A UNESCO-listed clan village on a horseshoe bend of the Nakdong River, still roughly 70% populated by descendants of a single clan practicing centuries-old Confucian household traditions. It is also known for its traditional mask-dance drama, performed there since the Goryeo period.",,,https://www.google.com/maps/search/?api=1&query=Hahoe%20Folk%20Village%2C%20Gyeongsangbuk-do%2C%20South%20Korea
Gyeongsangbuk-do,POSCO Pohang Steelworks,0.7,Integrated steelworks,"blast-furnace roar, molten-steel hiss, rolling-mill clang","one of Korea's founding steel mills, blast furnaces glowing orange along the Pohang coast","Korea's first integrated steel mill, built in the late 1960s, which transformed Pohang from a fishing port into the country's self-described ""Steel Capital."" The scale of blast furnaces and rolling mills along the coast makes it one of the most industrially dominant sites in this dataset.",Aatu Dorochenko,CC BY-SA 4.0,https://www.google.com/maps/search/?api=1&query=POSCO%20Pohang%20Steelworks%2C%20South%20Korea
Gyeongsangbuk-do,Yangdong Folk Village,0.16,UNESCO clan hanok village,"gayageum, valley wind, 500-year-old wooden-beam creak","Korea's largest traditional clan village, tile-roofed noble houses over 500 years old","Korea's largest traditional clan village, UNESCO-listed alongside Gyeongju's historic areas, with tile-roofed noble houses over 500 years old set into a wooded valley. Its scale and preservation make it a direct counterpart to Hahoe, from a different clan and a different corner of the same province.","Kok Leng Yeo from Singapore, Singapore",CC BY 2.0,https://www.google.com/maps/search/?api=1&query=Yangdong%20Folk%20Village%2C%20Gyeongju%2C%20South%20Korea
Gyeongsangnam-do,Tongyeong,0.48,Harbor & island city,"cable-car wind, harbor engine hum, mellow brass",a hillside harbor city looking out over hundreds of small islands,"A hillside harbor city looking out over hundreds of small islands, reachable partly by a scenic cable car that gives sweeping views across the archipelago. Its layered hillside streets and harbor life give it a naturally cinematic, coastal-town character.",Jungho Jung and User:Asfreeas Derivative work by User:Caspian blue,CC BY 3.0,https://www.google.com/maps/search/?api=1&query=Tongyeong%2C%20Gyeongsangnam-do%2C%20South%20Korea
Gyeongsangnam-do,Jinju,0.44,Fortress river city,"festival drum, river flow, lantern-float ambience",a riverside fortress city famous for its autumn floating-lantern festival,"A riverside fortress city on the Namgang River, home to the Namgang Lantern Festival, a tradition dating to 1592 when lanterns were floated to block Japanese river crossings during the Imjin War's siege of Jinjuseong. The fortress walls and river together anchor one of Korea's most historically rooted festival cities.",Bernard Gagnon,CC0,https://www.google.com/maps/search/?api=1&query=Jinju%2C%20Gyeongsangnam-do%2C%20South%20Korea
Gyeongsangnam-do,Hanwha Ocean Geoje Shipyard,0.64,Megaship shipyard,"900-ton Goliath-crane groan, dry-dock flood roar, steel-hull weld spark","a shipyard with the world's largest dry dock, building tankers the length of four football fields","A major shipbuilding complex on Geoje Island including the world's largest single dry dock, central to the local economy alongside a neighboring Samsung Heavy Industries yard. Constant large-scale fabrication and crane activity define this stretch of coastline.",IikaJzuchiN,CC BY-SA 4.0,https://www.google.com/maps/search/?api=1&query=Hanwha%20Ocean%20Geoje%20Shipyard%2C%20South%20Korea
Gyeongsangnam-do,Haegeumgang,0.4,Scenic sea-cliff islet,"boat-tour engine, sea-cliff echo, gull chorus","a jagged sea-cliff islet off Geoje reached only by boat, called Korea's Geumgangsan of the sea","A small, scenic islet off Geoje known for dramatic sea cliffs, sea caves, and a boat-accessible viewing platform, often called one of Korea's most beautiful coastal spots. It offers a sharply different, much quieter counterpoint to the shipyard just up the coast.",Korea.net / Korean Culture and Information Service (Jeon Han),CC BY-SA 2.0,https://www.google.com/maps/search/?api=1&query=Haegeumgang%2C%20Geoje%2C%20South%20Korea
Jeju-do,Hallasan,0.12,National park & volcano,"solo flute, wind, volcanic ambience","a dormant volcano with a crater lake at its summit, above the clouds","A dormant shield volcano and South Korea's highest peak, with a crater lake at its summit reachable by trail above the cloud line. It anchors Jeju's UNESCO Natural World Heritage status alongside the island's extensive lava tube systems.",LG전자,CC BY 2.0,https://www.google.com/maps/search/?api=1&query=Hallasan%2C%20Jeju-do%2C%20South%20Korea
Jeju-do,Seongsan Ilchulbong,0.3,UNESCO sunrise peak,"gentle strings, ocean breeze, dawn chorus","a tuff-cone crater rising from the sea, famous for sunrise","A tuff-cone crater rising directly from the sea on Jeju's eastern coast, formed by a hydrovolcanic eruption roughly 5,000 years ago and famous as a sunrise viewpoint. It is one of the most recognizable single landforms in the entire Moodscape dataset.",,,https://www.google.com/maps/search/?api=1&query=Seongsan%20Ilchulbong%2C%20Jeju-do%2C%20South%20Korea
Jeju-do,Jeju City,0.65,Island capital,"light jazz, tropical guitar, ocean rhythm","the relaxed island capital, tangerine orchards and black lava-stone walls","Jeju Island's relaxed capital, mixing tangerine orchards and black volcanic-stone walls with a genuine working port and city center. It functions as the island's practical hub rather than its scenic centerpiece, which lies mostly outside the city.",J. Patrick Fischer,CC BY-SA 3.0,https://www.google.com/maps/search/?api=1&query=Jeju%20City%2C%20Jeju-do%2C%20South%20Korea
Jeju-do,Seongeup Folk Village,0.2,600-year-old living folk village,"black-stone wall wind, thatched-roof rustle, horse-hoof clop","a 600-year-old walled village of black volcanic-stone houses, still lived in today","A traditional walled village preserving Jeju's distinct vernacular architecture, including black lava-stone walls and low thatched roofs built to withstand the island's strong winds. Its building style is visibly different from mainland Korean folk villages, reflecting Jeju's separate cultural and linguistic history.",Trainholic,CC BY-SA 4.0,https://www.google.com/maps/search/?api=1&query=Seongeup%20Folk%20Village%2C%20Jeju%2C%20South%20Korea
Jeju-do,Manjanggul Cave,0.08,UNESCO lava tube cave,"cave-drip echo, deep stone resonance, underground silence","an 8.9km lava tube cave, one of Earth's longest, formed a hundred thousand years ago","One of the finest lava tube cave systems in the world, part of Jeju's UNESCO Natural World Heritage listing, formed by volcanic activity roughly 200,000 years ago. Its scale — including one of the largest lava columns known in any lava tube — makes it a geological centerpiece of the island.",AhmadElq,CC BY-SA 4.0,https://www.google.com/maps/search/?api=1&query=Manjanggul%20Cave%2C%20Jeju%2C%20South%20Korea
